"","GCAM_region_ID","GCAM_commodity","calperg","fatperc","proteinperc"
"1",1,"Beef",1471.38330435949,9.82014717419818,13.921746664092
"2",1,"Corn",4053.47996108266,17.3103864599674,4.82841478493734
"3",1,"Dairy",884.692006635064,5.84160462483457,4.74468010894165
"4",1,"FiberCrop",5851.94369519158,66.1984580904025,0
"5",1,"Fruits",356.444919616157,0.404487186060554,0.407432004101489
"6",1,"Legumes",3414.68521545001,1.55618058631202,22.7985293480144
"7",1,"MiscCrop",1398.65102975381,7.4812016871245,8.22792079283496
"8",1,"NutsSeeds",3645.58429201666,32.268480207558,13.7685043561931
"9",1,"OilCrop",4528.97398038639,49.36126015853,2.16756464503537
"10",1,"OilPalm",2416.24500987246,27.3330883469736,0
"11",1,"OtherGrain",3189.01996852865,1.06928296544433,5.83895724651918
"12",1,"OtherMeat_Fish",765.899842010577,3.25056016593394,9.00555966173554
"13",1,"Pork",2169.08596021942,18.7999386143147,11.0025111402853
"14",1,"Poultry",1265.59931057652,8.13971673075033,12.2920837950139
"15",1,"Rice",2818.83149675236,0.532529440130803,5.22063074614074
"16",1,"RootTuber",717.225695206311,0.128637038426169,1.56244391184191
"17",1,"SheepGoat",2443.68399033424,20.7610163309257,13.3119299076541
"18",1,"Soybean",8634.48632043594,97.6270789354021,0.0453462034369476
"19",1,"SugarCrop",618.221157320427,0.00174024381768665,0.000709769181044696
"20",1,"Vegetables",237.948480246505,0.26543048961732,1.0602442658371
"21",1,"Wheat",3511.76455971047,1.72039637398467,11.2918029733848
"22",2,"Beef",1633.12818859295,12.7773062980768,11.8357900996717
"23",2,"Corn",3526.31084862846,2.71644093123577,8.59079571941692
"24",2,"Dairy",702.321588049801,4.09258993415985,3.54435549078164
"25",2,"FiberCrop",7620.4116639415,84.6609312356652,3.07646948378923
"26",2,"Fruits",662.180342899123,0.409057881163248,0.720680149224898
"27",2,"Legumes",3412.80917411556,1.95705561606169,22.7499805699895
"28",2,"MiscCrop",1460.5667323736,5.63016029807894,8.60701941697931
"29",2,"NutsSeeds",4262.2029572711,40.7597812717465,11.151875727473
"30",2,"OilCrop",5908.03105166744,62.596452692136,5.86379869342211
"31",2,"OilPalm",2380.49007141085,26.9285848327178,0
"32",2,"OtherGrain",3343.3407173129,2.19537779458132,9.40327381286566
"33",2,"OtherMeat_Fish",1339.22766416391,7.92297360870539,11.9669853073472
"34",2,"Pork",2965.6881577393,28.0697748304554,9.93795993553771
"35",2,"Poultry",1316.53427077609,9.21203957730053,11.1781043432926
"36",2,"Rice",2652.17803974792,0.81807693558969,5.51480337112297
"37",2,"RootTuber",931.63368593004,0.183404599370066,1.11292421701098
"38",2,"SheepGoat",1691.54393361123,12.4898049261153,12.9974397461322
"39",2,"Soybean",5817.00204312781,54.417693691618,19.9902948982704
"40",2,"SugarCrop",550.451348111252,0.0107302146604912,0.0126180923757982
"41",2,"Vegetables",326.668680557807,0.525143079484712,1.44031922059183
"42",2,"Wheat",3591.93149703206,1.53803371302451,10.702830202059
"43",3,"Beef",1397.79303930118,9.76983993398094,12.3890306076166
"44",3,"Corn",3694.39085086227,4.54245347065943,9.24687772548087
"45",3,"Dairy",869.497347579212,5.57698699929766,4.53331216989099
"46",3,"FiberCrop",5372.31691889139,60.7098346474651,0
"47",3,"Fruits",590.520806158303,0.288141670738242,0.69779321152672
"48",3,"Legumes",3488.42702325786,2.77704230559499,25.0192685261153
"49",3,"MiscCrop",1227.6651905296,5.46542462986188,8.26514445756532
"50",3,"NutsSeeds",3621.20214576864,33.6683982831602,10.0754302453454
"51",3,"OilCrop",3384.00985138977,37.2516917318252,1.30011937204062
"52",3,"OilPalm",2394.59791674054,27.0882117278342,0
"53",3,"OtherGrain",3121.96576035052,1.49751167562847,8.63867684059409
"54",3,"OtherMeat_Fish",902.326242181095,4.14617296852622,11.9340328608559
"55",3,"Pork",3031.28225427393,28.28636743155,11.2276254876473
"56",3,"Poultry",1299.69891818515,8.66031857168989,11.8786945092936
"57",3,"Rice",2813.99732990996,0.571563949723584,5.41100845402207
"58",3,"RootTuber",732.17382128871,0.1264717625471,1.52411839975103
"59",3,"SheepGoat",1870.71295798228,14.5120590951189,12.7044750508014
"60",3,"Soybean",8393.82073709649,94.386135647745,1.07927848845984
"61",3,"SugarCrop",391.096098696137,0.017642133028753,0.024202662245351
"62",3,"Vegetables",261.873555664848,0.252575307321657,1.11288528453093
"63",3,"Wheat",3499.12376509829,1.28679607453041,10.5755627005218
"64",4,"Beef",1244.40716140967,9.17839008127144,9.8214867227902
"65",4,"Corn",3520.12890832567,3.04139284586868,8.87326200277824
"66",4,"Dairy",706.25717670963,4.05936192449614,3.45089053151382
"67",4,"FiberCrop",6236.2240218815,70.5449917361405,0.000331734200687061
"68",4,"Fruits",518.140836974853,0.306980619003018,0.633839876984106
"69",4,"Legumes",3396.46627668301,1.84434635625243,21.6155162402825
"70",4,"MiscCrop",1546.57409244835,8.27578850250189,8.12710921835218
"71",4,"NutsSeeds",3961.38793265371,35.1030329417172,13.0440841927226
"72",4,"OilCrop",4382.68084593395,48.5376773892207,1.12885429969598
"73",4,"OilPalm",2391.0553263382,27.0483160037478,0
"74",4,"OtherGrain",2364.60509998915,1.43172220220821,5.67871489299433
"75",4,"OtherMeat_Fish",997.616949249065,4.6453764746387,11.7471261314463
"76",4,"Pork",3055.28612543335,29.0862769812723,9.69596791320726
"77",4,"Poultry",1224.95585965398,7.90810862127223,11.8286039342685
"78",4,"Rice",2661.73388484163,0.495278614282866,5.10190543250245
"79",4,"RootTuber",889.056613496471,0.180909632866128,0.895678813659806
"80",4,"SheepGoat",1362.92043914653,8.48804547029991,12.5511886757471
"81",4,"Soybean",6788.84519114136,70.144710315125,12.5399801673101
"82",4,"SugarCrop",539.517423992343,0.00708187148884611,0.00724549854664931
"83",4,"Vegetables",250.693380372587,0.229088987076611,1.29633405672119
"84",4,"Wheat",3557.3357710944,1.6904948739872,10.5016112687776
"85",5,"Beef",1328.80723321165,10.056924235433,10.1614182849364
"86",5,"Corn",3401.40311364422,3.42700790004906,8.99512790386711
"87",5,"Dairy",700.1685128258,3.90906539711691,3.58942701034107
"88",5,"FiberCrop",5762.12420018837,65.1822859617447,0
"89",5,"Fruits",610.634416073622,0.313315761145627,0.635486851363494
"90",5,"Legumes",3392.48126031709,1.91041083923023,22.4028357742166
"91",5,"MiscCrop",2505.14458150402,9.06520940135402,9.58353258750039
"92",5,"NutsSeeds",4380.25921034239,39.3577396417236,11.5036916639859
"93",5,"OilCrop",3699.14050441512,35.8364873509437,8.44177419045271
"94",5,"OilPalm",2185.41942657659,24.7118146066897,0.00509414269743995
"95",5,"OtherGrain",3129.79599413684,2.66393597170455,8.66304494899808
"96",5,"OtherMeat_Fish",918.044212128187,4.37609487253496,11.9956252333753
"97",5,"Pork",2937.83875988299,27.2976719854112,11.1290168619045
"98",5,"Poultry",1219.26857105924,7.91054069159212,11.2960906892893
"99",5,"Rice",2638.63850050594,0.727873457345552,5.16601382961067
"100",5,"RootTuber",1021.7959071175,0.193396348217728,1.0300232001705
"101",5,"SheepGoat",1428.30182665395,9.99072351152786,11.9556826174453
"102",5,"Soybean",5608.6520195547,51.609854538786,19.4594986262237
"103",5,"SugarCrop",566.686647269595,0.00768503514792818,0.00832700399978532
"104",5,"Vegetables",304.805959093541,0.468389910692878,1.45215574094783
"105",5,"Wheat",3539.58186640699,1.67864067657744,10.3214511324595
"106",6,"Beef",1290.7455947823,8.38832133383396,12.6602069304599
"107",6,"Corn",3287.4673050824,6.50474817906855,6.53291314051798
"108",6,"Dairy",1037.29056158851,7.71669151480788,4.52663944381843
"109",6,"FiberCrop",6502.46260853027,73.5572693272655,0
"110",6,"Fruits",348.997870930961,0.395022320290541,0.378738604880536
"111",6,"Legumes",3434.52949145168,2.28626185297765,22.0588944438783
"112",6,"MiscCrop",1659.5356470121,10.4055308151752,7.10167650801526
"113",6,"NutsSeeds",3042.91186907114,26.9379573429009,10.3065285251474
"114",6,"OilCrop",5930.11636255162,66.4688121671714,0.572641353872399
"115",6,"OilPalm",2377.050331356,26.889709630724,0
"116",6,"OtherGrain",2219.93632751377,0.401717348493236,3.27472405286675
"117",6,"OtherMeat_Fish",1115.99221681846,6.37278479401213,11.1127787675371
"118",6,"Pork",2151.04877186293,19.7091483029955,11.2124786121131
"119",6,"Poultry",1298.4373674503,8.51609666930936,12.3656750182414
"120",6,"Rice",2646.02610231609,0.475591279980023,5.11222683664724
"121",6,"RootTuber",654.399538094055,0.106514470723667,1.36850767485785
"122",6,"SheepGoat",2274.03135989935,16.9040192929136,11.2887057835406
"123",6,"Soybean",4299.79009980289,45.0038181604914,3.80053008201794
"124",6,"SugarCrop",635.725035913519,0.00553796897991435,0.00210278011114659
"125",6,"Vegetables",278.377826142665,0.271720776016181,1.19747952636548
"126",6,"Wheat",3380.73782929243,2.26455939837372,10.2732400047857
"127",7,"Beef",1072.74443937287,7.26751356265271,9.80912905112385
"128",7,"Corn",3594.57880200006,2.89852134769186,7.88666539821527
"129",7,"Dairy",655.38048691713,3.61421101602645,3.29822355082503
"130",7,"FiberCrop",6599.49321904758,74.6549006679591,0
"131",7,"Fruits",433.413912023366,0.294965104580237,0.568420777776376
"132",7,"Legumes",3371.67828199817,1.61066929869013,22.0077960196771
"133",7,"MiscCrop",670.336827615054,1.82041340615183,8.47573364793048
"134",7,"NutsSeeds",3207.89680511966,27.484538030578,12.0835906666125
"135",7,"OilCrop",2378.77775923069,20.8932889766525,6.8467759867486
"136",7,"OilPalm",2805.97133213451,31.7417571508429,0
"137",7,"OtherGrain",2978.38936500832,0.724124357326559,4.61610801060136
"138",7,"OtherMeat_Fish",961.970734569789,4.73962337912591,11.962738024468
"139",7,"Pork",4100.64413012278,41.2671293858498,8.90877683285752
"140",7,"Poultry",1259.25772384891,8.07822893795813,11.3746212717573
"141",7,"Rice",2788.33553129561,0.65013910233229,5.46938552926658
"142",7,"RootTuber",785.912246386538,0.15659414491188,0.88719781348655
"143",7,"SheepGoat",1901.65558553197,15.7242618556354,11.9533034296765
"144",7,"Soybean",8470.10043011734,95.8156157253093,0
"145",7,"SugarCrop",578.529465456278,0.0143397449681655,0.0199192102809833
"146",7,"Vegetables",265.209129531398,0.209010201446434,1.07391831498344
"147",7,"Wheat",3528.64569562733,1.25172524672877,9.37889594758301
"148",8,"Beef",1074.52661268636,5.9517387751612,12.5664999048451
"149",8,"Corn",3887.19545529981,10.5092959053268,6.83017192455646
"150",8,"Dairy",1361.73908125882,11.0323743150094,6.3242234206558
"151",8,"FiberCrop",5984.49059935635,67.6978574587822,0
"152",8,"Fruits",332.018443186806,0.317657033600944,0.37413780486223
"153",8,"Legumes",3459.24313240843,2.04716050525611,23.6260263741382
"154",8,"MiscCrop",953.141225522696,2.88999696904924,6.01160119828942
"155",8,"NutsSeeds",3619.28831788408,32.0773780129122,13.1578328777417
"156",8,"OilCrop",7028.12648284154,77.9002683320102,1.69493784049543
"157",8,"OilPalm",NA,NA,NA
"158",8,"OtherGrain",2438.7765570559,0.785151422636749,4.56190060675422
"159",8,"OtherMeat_Fish",690.895287742643,1.99384415508086,8.91090388395157
"160",8,"Pork",3086.14713854862,29.794765884314,9.44821455787165
"161",8,"Poultry",1306.89723757335,8.49497311794321,12.4511186208531
"162",8,"Rice",2687.80826295685,0.64113381359149,5.05638282383183
"163",8,"RootTuber",682.943593314451,0.115433072970208,1.51508274207748
"164",8,"SheepGoat",2453.94417356538,20.8479896873845,13.3671057653111
"165",8,"Soybean",4584.04949340942,42.5961566871124,16.3604706484146
"166",8,"SugarCrop",616.932990123905,0.00960159698700426,0.00342038767731521
"167",8,"Vegetables",280.402172774911,0.278583960577942,1.18494380870528
"168",8,"Wheat",3481.29927442692,1.54456916810289,11.138215748221
"169",9,"Beef",1756.57693727406,13.6905282774612,12.8784608136549
"170",9,"Corn",3261.66840524186,2.57988142731771,8.40418126543669
"171",9,"Dairy",747.541283473684,4.29297954193351,4.04871063531646
"172",9,"FiberCrop",6166.38803494875,69.7766929721357,0
"173",9,"Fruits",507.172176376415,0.933183090199003,0.599156537421606
"174",9,"Legumes",3376.91025328796,1.65947028378601,21.7698569939526
"175",9,"MiscCrop",1383.28638748145,7.23919942485188,7.5393665237751
"176",9,"NutsSeeds",3780.54188833548,33.0145135474239,13.4964407588691
"177",9,"OilCrop",2507.59284219599,25.6134611841787,2.26799426770383
"178",9,"OilPalm",2556.00320707343,28.9152506347741,0
"179",9,"OtherGrain",3457.57087315967,1.60835339115744,7.15948108457067
"180",9,"OtherMeat_Fish",1443.7027163843,9.53625601268208,13.0846305010046
"181",9,"Pork",3255.57520447302,31.5745848778381,10.9550057587023
"182",9,"Poultry",1266.23209715061,8.56922208970956,10.7824259972293
"183",9,"Rice",2615.38340894814,0.472580582880841,5.14155808690769
"184",9,"RootTuber",848.481781195331,0.172184403136854,1.10421976162614
"185",9,"SheepGoat",1565.18913664128,12.9383223655421,12.5080644131808
"186",9,"Soybean",8036.5865236681,88.8656363130899,3.73020148871034
"187",9,"SugarCrop",482.155757493042,0.0109786382928096,0.0103202250458832
"188",9,"Vegetables",272.773208139432,0.269963001159827,1.17883964498849
"189",9,"Wheat",3526.61025464775,1.99909598557863,9.85132870949041
"190",10,"Beef",1826.16234369358,14.5670364753806,12.0461920473023
"191",10,"Corn",3575.34477576068,6.27549886207475,7.44500426486128
"192",10,"Dairy",729.545614195762,4.47475379174002,3.70497035689978
"193",10,"FiberCrop",5223.82144613493,59.0929957381763,0
"194",10,"Fruits",468.586033862072,0.3012514647097,0.523013398231073
"195",10,"Legumes",3423.01317532128,1.77501606170087,22.256930104797
"196",10,"MiscCrop",3683.56236384759,29.8803687830515,9.02771909298708
"197",10,"NutsSeeds",3462.80434726316,31.9284692078379,9.98437941820027
"198",10,"OilCrop",7513.56571349042,84.4825187503626,1.15906264153188
"199",10,"OilPalm",2388.29173287022,27.0147589606283,0
"200",10,"OtherGrain",3383.01291239303,1.08188436317721,7.47259806512447
"201",10,"OtherMeat_Fish",1657.79168207585,12.0719020904786,11.8069087143626
"202",10,"Pork",2975.18104941457,27.5904864218387,11.3529783901155
"203",10,"Poultry",1292.92427798573,8.69248619104092,11.4068223539816
"204",10,"Rice",2654.69198449397,0.57893019625142,4.97372900925994
"205",10,"RootTuber",667.44874400986,0.122524599459196,1.59000457440439
"206",10,"SheepGoat",1859.21147277778,14.8370443055302,11.7046544502339
"207",10,"Soybean",7985.26138903031,89.9331230815375,0.384811943114907
"208",10,"SugarCrop",587.206185952395,0.000259247649419082,0.000423769049918326
"209",10,"Vegetables",244.015852458783,0.194797055306831,0.946401230279918
"210",10,"Wheat",3418.75501176459,1.30601829573606,10.1455811964632
"211",11,"Beef",2223.75967832093,18.4262091818353,13.4996243554065
"212",11,"Corn",2635.96434978093,3.98412833710635,5.25904433687945
"213",11,"Dairy",702.448016997425,4.13098816350347,3.47222196775534
"214",11,"FiberCrop",6379.83570405337,72.1700860660257,0
"215",11,"Fruits",432.31840664321,0.279987800735452,0.476227967604591
"216",11,"Legumes",3362.93492624653,1.87372416569823,22.5994626322168
"217",11,"MiscCrop",936.155716909646,3.1729551424376,9.73359055837727
"218",11,"NutsSeeds",3599.96295988476,31.1857814491621,12.3020597909474
"219",11,"OilCrop",6688.93019225509,74.2227554658027,1.91188053690312
"220",11,"OilPalm",2573.06974214413,29.1074282493562,0
"221",11,"OtherGrain",4013.98354123965,1.51236046119299,7.25123445254067
"222",11,"OtherMeat_Fish",598.143622920933,1.78690728039911,7.83484591531363
"223",11,"Pork",3837.8315525848,37.2457027374379,11.0930814803305
"224",11,"Poultry",1569.57419610294,11.6610733368453,11.5406445763634
"225",11,"Rice",2713.06190455317,0.881742440682467,4.91329596372278
"226",11,"RootTuber",811.456194363004,0.156426891742537,1.45352581290965
"227",11,"SheepGoat",1992.75436983444,13.3661397369915,13.4277067694176
"228",11,"Soybean",4767.18862247222,41.1670208988278,17.6839847695546
"229",11,"SugarCrop",497.725628741244,0.0230347448656107,0.0110184728355321
"230",11,"Vegetables",259.546986859145,0.204487257993456,1.31665078875758
"231",11,"Wheat",3365.77475393344,1.936494904678,10.740710111594
"232",12,"Beef",1548.0939365774,11.0621487610296,13.4895324667384
"233",12,"Corn",3410.19763326907,4.10860516837053,7.52277518639985
"234",12,"Dairy",1071.66332495027,7.76204619452023,5.46634097458966
"235",12,"FiberCrop",5764.09465820576,65.1202367482637,0
"236",12,"Fruits",405.052844693445,0.276465028755103,0.475397372910118
"237",12,"Legumes",3398.27831984717,1.76613921666148,22.1561137791983
"238",12,"MiscCrop",2026.5729597724,14.1467889742975,6.97435110394443
"239",12,"NutsSeeds",3567.02727532635,31.6705297233689,12.2196499001667
"240",12,"OilCrop",6446.50589008122,72.2448157969787,0.814711549856925
"241",12,"OilPalm",2387.56850216126,27.0096864423691,0
"242",12,"OtherGrain",2659.56419562489,0.758751304890886,5.01207823614495
"243",12,"OtherMeat_Fish",1245.76809999239,7.13549629417515,11.6884248174075
"244",12,"Pork",3021.00171974337,27.963010385339,11.6997628669656
"245",12,"Poultry",1358.27551591784,9.27712236813618,12.1961800378782
"246",12,"Rice",2542.90336228195,0.651380709208923,4.95763640483862
"247",12,"RootTuber",653.929419287539,0.116765627461661,1.54454317483338
"248",12,"SheepGoat",2020.87487750945,16.9376405989301,12.0159828996583
"249",12,"Soybean",8014.97323507887,89.2311482301678,2.61542697504324
"250",12,"SugarCrop",624.012000219364,0.00456388718524656,0.0135734282570462
"251",12,"Vegetables",270.430131223625,0.313092391472674,1.17559738794047
"252",12,"Wheat",3365.01047112696,1.51090875145432,10.4798544016258
"253",13,"Beef",1526.1855034222,9.99392672555139,14.7693765975401
"254",13,"Corn",3590.47905042583,10.779612827932,6.49970296816297
"255",13,"Dairy",1036.6575158685,7.49802399480915,5.60215889408138
"256",13,"FiberCrop",5664.50386581126,64.0781699602574,0
"257",13,"Fruits",357.482620791873,0.243513590246527,0.438121934680298
"258",13,"Legumes",3409.32781135437,2.11909910466945,22.2216518699502
"259",13,"MiscCrop",1724.71894526265,12.3973822753423,6.7033543440134
"260",13,"NutsSeeds",3425.98768767861,31.0142313941901,9.88671358240997
"261",13,"OilCrop",4919.93799056853,55.1575686293885,0.566690150315628
"262",13,"OilPalm",2394.04160898094,27.0819186536305,0
"263",13,"OtherGrain",2609.55426658744,0.795979268940024,4.5565726237457
"264",13,"OtherMeat_Fish",928.961993126522,4.47226343970064,10.5886454374545
"265",13,"Pork",2665.34198035707,24.4590374420836,10.7215438107394
"266",13,"Poultry",1375.3395342694,9.13607194619196,12.487758582967
"267",13,"Rice",2545.37725729574,0.555346736300104,4.82741472999003
"268",13,"RootTuber",636.747007359472,0.106446718512303,1.44747514326685
"269",13,"SheepGoat",2218.14759997639,18.9814703497855,12.1538165819685
"270",13,"Soybean",7994.07637942647,89.3284868525438,1.93131707952561
"271",13,"SugarCrop",616.33483294452,0.00651262978273679,0.00232000648642509
"272",13,"Vegetables",265.509301947733,0.232658100169914,1.21950752593633
"273",13,"Wheat",3301.69737648167,1.62886981718913,10.481425729893
"274",14,"Beef",2201.32714604426,17.8318542343108,13.9983573893354
"275",14,"Corn",3468.94981124078,3.59122747937789,7.75966144210978
"276",14,"Dairy",817.579748567693,5.28664336959565,3.74085527780606
"277",14,"FiberCrop",NA,NA,NA
"278",14,"Fruits",413.596536953305,0.26623618555598,0.468584783860259
"279",14,"Legumes",3439.80726750451,1.86658164618598,22.3561780749642
"280",14,"MiscCrop",2281.54547073094,18.1260092416564,5.67551069091702
"281",14,"NutsSeeds",3438.76308264483,31.661303957673,10.7295347551289
"282",14,"OilCrop",7503.624808248,84.7828292563791,0.0918121628777391
"283",14,"OilPalm",2436.29554225819,27.6537518985038,0
"284",14,"OtherGrain",2738.24631820798,1.28091413094773,6.27622512298427
"285",14,"OtherMeat_Fish",1251.4630911268,7.46996305467308,11.5063149851455
"286",14,"Pork",2955.5114180275,26.7989440932438,12.6595536254371
"287",14,"Poultry",1311.78022230972,8.85016006581293,11.6011659840022
"288",14,"Rice",2664.47035339812,0.521726140870928,4.96119409225217
"289",14,"RootTuber",668.45944161741,0.122970189343386,1.5951887923837
"290",14,"SheepGoat",1714.91539112615,13.1860644621608,12.5093247952446
"291",14,"Soybean",7527.3236139467,83.2239509867393,3.41994688808323
"292",14,"SugarCrop",712.391574348948,0.00215661064189165,0.000768313463976509
"293",14,"Vegetables",254.58891501886,0.189666260162631,1.05391303217454
"294",14,"Wheat",3373.35202524955,1.54937251435015,9.93264343673836
"295",15,"Beef",1621.2504789585,12.7586039549407,11.3564674103653
"296",15,"Corn",3535.64990105715,5.36760671344997,7.19470428150347
"297",15,"Dairy",742.003355957542,4.73626086656001,3.72786452536936
"298",15,"FiberCrop",5532.1915416533,62.5813522811459,0
"299",15,"Fruits",444.93088899662,0.301955343781631,0.531994933613051
"300",15,"Legumes",3470.23352055844,2.77341948681138,21.6398718860245
"301",15,"MiscCrop",1986.01000018585,12.8377143156157,8.95099850671014
"302",15,"NutsSeeds",3263.61172605806,29.1184418365893,9.04702726086592
"303",15,"OilCrop",4887.43818389609,53.7078335458731,2.40236795818643
"304",15,"OilPalm",2374.97671105768,26.8666276908593,0
"305",15,"OtherGrain",2721.8312336666,0.6968438332992,5.38923013355177
"306",15,"OtherMeat_Fish",1299.73510927138,5.17490333384324,11.0131719998526
"307",15,"Pork",2816.09751519268,26.1032456448499,10.9414139219541
"308",15,"Poultry",1286.84567612103,8.51248803905279,11.8520186061927
"309",15,"Rice",2618.45096285442,0.484860979611803,4.61919636948095
"310",15,"RootTuber",693.879713075469,0.120817025227543,1.65564681772156
"311",15,"SheepGoat",1652.03832297978,12.2536645205657,9.20021176431515
"312",15,"Soybean",6723.054379062,71.3449754199354,8.63123213813817
"313",15,"SugarCrop",659.485647688804,0.00370854911551421,0.00133804148101096
"314",15,"Vegetables",233.074338473626,0.248948381899041,1.01475629379804
"315",15,"Wheat",3263.62134407838,1.39634834554587,10.5610362783546
"316",16,"Beef",1649.37456572128,11.8362138879702,13.784677049056
"317",16,"Corn",3538.29649786611,8.74366390104616,6.81197727953481
"318",16,"Dairy",1157.63169242728,8.3775220884252,6.21049290303419
"319",16,"FiberCrop",6003.06975387879,67.6280997441346,0
"320",16,"Fruits",389.79103529118,0.327871204454763,0.455795617695823
"321",16,"Legumes",3406.55753661066,1.84164769115149,22.4490629402897
"322",16,"MiscCrop",2191.75357270315,18.7381977533424,4.77276482740367
"323",16,"NutsSeeds",3587.46573359827,33.9094880085568,8.50018107084512
"324",16,"OilCrop",5484.60656329419,61.3712300736492,0.790661220392627
"325",16,"OilPalm",2531.10975397356,28.9932388771313,0
"326",16,"OtherGrain",2537.21867735315,0.824706924795903,4.56934631557132
"327",16,"OtherMeat_Fish",1096.70100240625,6.76054813377651,9.7289804935672
"328",16,"Pork",3846.01769238847,33.0142882501852,9.65247686864404
"329",16,"Poultry",1327.67205734914,8.94762744981197,12.197735422758
"330",16,"Rice",2599.95274611006,0.556956701941084,4.97849119945579
"331",16,"RootTuber",667.061914037233,0.119525276681417,1.58504459956719
"332",16,"SheepGoat",2249.5356826764,19.2664196250613,12.2238473637843
"333",16,"Soybean",6537.81339527275,70.6888136810841,5.09207395520948
"334",16,"SugarCrop",596.590333289972,0.00704849052418237,0.00251434449848843
"335",16,"Vegetables",253.821920533364,0.251607843694789,1.18757928191248
"336",16,"Wheat",3429.76616483923,3.35537117014994,10.3237241900899
"337",17,"Beef",1683.40645168925,12.8569917419405,13.1490425674137
"338",17,"Corn",3310.09225281696,2.28319166042773,8.22400960436324
"339",17,"Dairy",830.312994110363,5.58811215850954,3.46782417890599
"340",17,"FiberCrop",6073.52625704606,68.7050481566296,0
"341",17,"Fruits",462.369406636447,0.264295999584666,0.555884115709642
"342",17,"Legumes",3472.53453126649,2.8273670029835,20.8528141992861
"343",17,"MiscCrop",2423.64615922672,9.06563610864171,10.7241959454353
"344",17,"NutsSeeds",3800.98628745388,35.0575265542856,8.69073794861563
"345",17,"OilCrop",4171.1561974929,46.3971292455452,1.2455401323404
"346",17,"OilPalm",2393.90008807622,27.0803177384188,0
"347",17,"OtherGrain",3319.37847259272,2.94345138939039,9.5941477372703
"348",17,"OtherMeat_Fish",708.845522781805,2.61779978954127,10.9030847215477
"349",17,"Pork",4049.23126077756,39.6083298150991,11.0982432600373
"350",17,"Poultry",1307.79409928125,8.83426581164961,11.364680080025
"351",17,"Rice",2710.54280223532,0.662194734847754,5.06592171785061
"352",17,"RootTuber",701.142069261934,0.130539539599737,1.40804842378272
"353",17,"SheepGoat",1566.97447453654,9.94148673997478,13.5916661506913
"354",17,"Soybean",8159.73978588969,90.8874737749202,2.70653701556072
"355",17,"SugarCrop",529.432540460929,0.0168068648274046,0.0251253880408465
"356",17,"Vegetables",271.010303757502,0.342275798603369,1.34532792449123
"357",17,"Wheat",3505.24261693711,1.24155216412746,10.2333155146525
"358",18,"Beef",824.394822047363,6.43028242044001,5.79583264042648
"359",18,"Corn",3405.58551089523,2.45739922052207,8.43592767032922
"360",18,"Dairy",610.872098370725,2.90067215765448,3.8244406519639
"361",18,"FiberCrop",NA,NA,NA
"362",18,"Fruits",498.121010922746,0.460018280373022,0.615638123779534
"363",18,"Legumes",3411.75400095972,1.72732836603675,22.1427288796836
"364",18,"MiscCrop",2440.69157058552,9.30962551472828,10.5889044568231
"365",18,"NutsSeeds",3813.2222894396,32.3734478645937,14.970341724349
"366",18,"OilCrop",1742.16589447702,17.4997439992635,1.32479110447818
"367",18,"OilPalm",2526.24246097,28.577403404638,0
"368",18,"OtherGrain",6554.60057228217,2.4570632246112,15.9287205158425
"369",18,"OtherMeat_Fish",738.619376579194,3.04636915727368,10.8152593121671
"370",18,"Pork",3548.59827317797,34.0925030647303,10.9844876308923
"371",18,"Poultry",1262.94467837763,8.58749824026893,11.0239783626086
"372",18,"Rice",2568.45045566432,0.634333864712306,4.74246578592323
"373",18,"RootTuber",1001.53031196561,0.186394054552726,0.720766289610898
"374",18,"SheepGoat",1539.68438533894,10.2856866392313,12.6347577410142
"375",18,"Soybean",6194.97953156128,61.063176836174,12.6199072507513
"376",18,"SugarCrop",568.568865012942,0.0166056877818141,0.00584843076727598
"377",18,"Vegetables",338.277093899546,0.281749385802231,1.44689516764321
"378",18,"Wheat",3704.03712157038,1.63771028884865,10.4072571209432
"379",19,"Beef",1226.99453268086,6.43542736686827,15.0726068447328
"380",19,"Corn",3438.7155903584,6.54788770356327,0.808930271399466
"381",19,"Dairy",776.295027705038,4.47183736320273,4.50311219998531
"382",19,"FiberCrop",NA,NA,NA
"383",19,"Fruits",372.434905483155,0.272875728539183,0.436195546786904
"384",19,"Legumes",3285.33409030454,1.71824935724245,20.4795624172389
"385",19,"MiscCrop",1835.16523342152,9.22741274386885,8.22868377153713
"386",19,"NutsSeeds",3489.620974052,29.6013621393543,12.2259294330498
"387",19,"OilCrop",7284.9830396399,81.6634193737743,0.961074055700674
"388",19,"OilPalm",2389.46693134689,27.030168906639,0
"389",19,"OtherGrain",1965.18073571782,0.370812620773745,3.38163812864289
"390",19,"OtherMeat_Fish",679.593966518976,2.40639381744772,10.0082254989245
"391",19,"Pork",2145.88413434121,18.2674819064371,11.5844232994579
"392",19,"Poultry",1356.52067640812,8.88442467237614,12.5433942712775
"393",19,"Rice",2800.21998562499,0.837899269646505,4.94360104277815
"394",19,"RootTuber",727.944942926676,0.106163938319086,1.03745100139999
"395",19,"SheepGoat",2453.71457373354,18.212490715451,12.2482725026153
"396",19,"Soybean",3965.5287729122,29.489734245153,19.046257604648
"397",19,"SugarCrop",622.567936203934,0.000365642666501025,0.000545030171899003
"398",19,"Vegetables",279.370236367082,0.236672862262076,1.31673856156792
"399",19,"Wheat",3513.15883429025,1.66611398352962,9.66913031407288
"400",20,"Beef",1509.73352710256,10.7968698390272,12.8145979053439
"401",20,"Corn",3302.67626444684,2.46286526286303,8.453676870806
"402",20,"Dairy",652.389561150623,3.74511309983624,3.86594852440835
"403",20,"FiberCrop",5436.17524902092,61.495195124671,0
"404",20,"Fruits",418.235257977636,0.832786881358516,0.578456280125427
"405",20,"Legumes",3501.81955248159,1.67674364969153,20.4278701907595
"406",20,"MiscCrop",1800.5826708028,7.04310579835028,9.62606185290112
"407",20,"NutsSeeds",3427.95404953819,29.5446438304664,13.5548706109878
"408",20,"OilCrop",6775.51466911591,75.0699676379415,1.89821734211785
"409",20,"OilPalm",2370.42602246537,26.8147740097892,0
"410",20,"OtherGrain",3322.97099597872,0.463040961656181,4.82802771897962
"411",20,"OtherMeat_Fish",802.247984972476,2.53955567549263,12.5306167396599
"412",20,"Pork",3753.2885542231,36.6346192620028,10.5491260258584
"413",20,"Poultry",1356.49488143443,8.32479725844953,11.6507694801127
"414",20,"Rice",2825.31488242114,0.46611117772085,5.58854882723611
"415",20,"RootTuber",651.551953736853,0.114702145277982,1.48903476726049
"416",20,"SheepGoat",1773.83619219418,13.7740041671941,13.3552681146267
"417",20,"Soybean",9878.1734644259,111.664618167252,0.074866546901166
"418",20,"SugarCrop",576.535548196718,0.00350113060328687,0.00232538487173556
"419",20,"Vegetables",300.445113764222,0.404621495870876,1.26831702916198
"420",20,"Wheat",3486.51417986059,1.29625738745683,9.39953802387885
"421",21,"Beef",1586.89098485859,11.501336329041,12.878588347031
"422",21,"Corn",3822.54495517028,10.1296495582213,7.77817599714548
"423",21,"Dairy",955.208764503961,6.30820808295734,5.22676653959317
"424",21,"FiberCrop",5617.4981964702,62.3400590992521,1.95403262796632
"425",21,"Fruits",551.050627939705,0.327086752581745,0.649720591494394
"426",21,"Legumes",3501.91563697127,2.63998370966543,22.3404950993284
"427",21,"MiscCrop",2357.68495098864,13.4778376693231,9.12432392213175
"428",21,"NutsSeeds",2935.65488395436,27.0928281636295,9.38544039746725
"429",21,"OilCrop",5743.83975434916,63.6552422385216,1.62436620727787
"430",21,"OilPalm",2388.04264579512,27.0140002883564,0
"431",21,"OtherGrain",3412.93384017495,2.52118250008647,9.71224934354412
"432",21,"OtherMeat_Fish",1222.47868364727,7.26076199153932,10.9433065388057
"433",21,"Pork",3409.135385425,30.6800943564777,11.0194470230808
"434",21,"Poultry",1291.79516411732,8.3589541128719,12.3589578070055
"435",21,"Rice",2743.6895714896,0.526281163331134,5.23106707729227
"436",21,"RootTuber",716.212273527749,0.113876598594259,1.53733811227624
"437",21,"SheepGoat",1820.72439939977,14.1416679228162,12.4461946117939
"438",21,"Soybean",8351.80550368601,93.8866796301553,1.03728512865419
"439",21,"SugarCrop",572.181707622553,0.00431591401788408,0.00734525054209974
"440",21,"Vegetables",230.345822278524,0.200862151108438,0.960011973781176
"441",21,"Wheat",3419.27373388826,1.47482496985411,10.2330275496277
"442",22,"Beef",1184.40920577738,8.75495186656966,9.69671794777731
"443",22,"Corn",3703.26219001544,2.52099784855106,9.99386361394366
"444",22,"Dairy",792.118212478426,5.09739727503487,3.80878962988679
"445",22,"FiberCrop",6405.90958567219,72.4650405619026,0
"446",22,"Fruits",456.943788136644,0.306619476334586,0.561000144052491
"447",22,"Legumes",3485.54878371328,2.83466321233452,21.5716683561736
"448",22,"MiscCrop",1979.60894275656,6.27232440475697,10.1997532905187
"449",22,"NutsSeeds",3158.70602582836,22.4792841248828,6.46868762188728
"450",22,"OilCrop",6449.58389960197,72.1561479233203,0.579383122725606
"451",22,"OilPalm",2394.10162076547,27.0825975199714,0
"452",22,"OtherGrain",3857.44915591574,3.04993882834503,10.2848045879738
"453",22,"OtherMeat_Fish",2360.06737541724,20.6293909472775,11.3147389383361
"454",22,"Pork",3758.15112419362,36.4291578393233,10.2585452409634
"455",22,"Poultry",1151.97735653145,7.65684119576711,10.4037314538198
"456",22,"Rice",2787.39590480921,0.681281020022773,5.30313657742516
"457",22,"RootTuber",704.063383763579,0.13342964623289,1.60307589531095
"458",22,"SheepGoat",1501.32484068125,9.80986088926547,12.6239566163636
"459",22,"Soybean",8297.02625674652,93.6374238313774,0.263785188519597
"460",22,"SugarCrop",543.013319941555,0.00744363780855771,0.0112521590354073
"461",22,"Vegetables",391.259255819458,0.604312271760207,1.64394408873254
"462",22,"Wheat",3520.2563948669,1.26212615162843,11.0256937015331
"463",23,"Beef",2002.16601557711,15.2497676774378,14.7153514100466
"464",23,"Corn",3701.35759562883,6.97175552759697,7.59613743217667
"465",23,"Dairy",866.032665514304,5.74901443847133,4.25626637004012
"466",23,"FiberCrop",NA,NA,NA
"467",23,"Fruits",432.175024553817,0.25544923853909,0.501132919059326
"468",23,"Legumes",3439.41308573795,1.81566700064894,22.4470507561254
"469",23,"MiscCrop",1573.00570353011,11.1629035066007,6.97824432107762
"470",23,"NutsSeeds",3616.70459007199,31.6555449069183,14.867115007708
"471",23,"OilCrop",6679.9874442154,75.3679195619151,0.189566412014062
"472",23,"OilPalm",NA,NA,NA
"473",23,"OtherGrain",2686.34450320984,0.928797999703711,5.15372126002274
"474",23,"OtherMeat_Fish",934.070365572368,4.2456523068414,11.6980022870381
"475",23,"Pork",2647.10659847296,24.4618205795297,10.2416119836959
"476",23,"Poultry",1275.20068964091,8.41086362624221,11.6956491956784
"477",23,"Rice",2482.83195431054,0.488201336026833,4.60264103841622
"478",23,"RootTuber",665.490011692739,0.121962242660948,1.58615740130282
"479",23,"SheepGoat",2065.40024328504,16.8401188800654,13.1031351916698
"480",23,"Soybean",6995.27603097634,78.1903879058836,0.887792334521813
"481",23,"SugarCrop",642.527889831352,0.00308271559983126,0.00110205864795176
"482",23,"Vegetables",256.809753953522,0.19847522167642,1.05377878720558
"483",23,"Wheat",3440.35885053938,1.30520938066908,10.6993415956273
"484",24,"Beef",2260.3009255154,18.2558736113077,14.3538398651675
"485",24,"Corn",3685.99198072349,4.11329159786933,9.02208650121089
"486",24,"Dairy",759.470070973075,4.85000492185366,3.74724756815838
"487",24,"FiberCrop",6088.13771904539,68.8703361882963,0
"488",24,"Fruits",272.692075833186,0.222815439929774,0.339912848560052
"489",24,"Legumes",3370.79818897957,1.62410755399411,22.0365880166028
"490",24,"MiscCrop",1992.63076400658,12.5623718779271,7.76595400851351
"491",24,"NutsSeeds",3672.38444864049,30.7864257690637,14.3202606008758
"492",24,"OilCrop",6992.13450031145,78.9521107823352,0.101726737431448
"493",24,"OilPalm",2388.93812854937,27.0241869745404,0
"494",24,"OtherGrain",3724.01678516709,0.822805939401349,5.58295686465151
"495",24,"OtherMeat_Fish",935.39263986972,2.98597668497266,14.2544026345034
"496",24,"Pork",3702.42004778214,31.6237395860136,9.67319765389307
"497",24,"Poultry",1275.27891131851,8.28312942032889,12.3099494417048
"498",24,"Rice",2702.36647855838,0.485846294870748,5.27026529396072
"499",24,"RootTuber",715.366620283139,0.124392800473019,1.49045230195422
"500",24,"SheepGoat",2105.44838790235,17.9257735573041,11.8273190936627
"501",24,"Soybean",8624.23280987414,97.5507820595897,0.00797223061959292
"502",24,"SugarCrop",533.418552208333,0.00979046536696554,0.00348766847240882
"503",24,"Vegetables",353.888850630971,0.435626337715719,1.29367841723768
"504",24,"Wheat",3628.40591938121,1.55479330469806,11.373167721593
"505",25,"Beef",1067.60247479838,6.48547113372747,13.8626285330518
"506",25,"Corn",3659.16811637295,6.64854055573653,7.28177819122305
"507",25,"Dairy",1040.33844990027,6.73581831146422,6.19328418491277
"508",25,"FiberCrop",6286.25870103425,71.1115237673558,0
"509",25,"Fruits",506.230844728185,0.66199540346104,0.589884592057071
"510",25,"Legumes",3380.72286041021,1.66087857502894,22.1377105690685
"511",25,"MiscCrop",946.344942437119,4.0428858895776,7.63007840933613
"512",25,"NutsSeeds",4020.83586659697,36.6284954302,13.0760990933549
"513",25,"OilCrop",3163.96522534683,34.3731973331071,1.07595630719022
"514",25,"OilPalm",2287.73643250398,25.8793714084161,0
"515",25,"OtherGrain",3728.5597355919,0.857518251675326,5.80155945581372
"516",25,"OtherMeat_Fish",804.263032526669,2.94381128074977,12.1745701536902
"517",25,"Pork",2905.83265302666,27.7483068762598,9.40823002190757
"518",25,"Poultry",1266.40067196312,7.98020115926876,12.3861090028595
"519",25,"Rice",2879.86515939816,0.517447059032184,5.7193585414393
"520",25,"RootTuber",777.698682066276,0.169790969974129,1.35503621613683
"521",25,"SheepGoat",1640.35522805103,11.8509225290316,13.7488182342981
"522",25,"Soybean",8493.37306827717,95.9795449229039,0.144779784141064
"523",25,"SugarCrop",586.75132728131,0.00355492334290515,0.00980689589228185
"524",25,"Vegetables",250.99961184371,0.192070210636682,1.01863828285567
"525",25,"Wheat",3266.60046749797,1.29888880893831,10.5947770046753
"526",26,"Beef",1770.09349773081,12.8234549369633,12.6111071658307
"527",26,"Corn",3496.09929407279,2.98979182979244,8.88742585935652
"528",26,"Dairy",810.452040528124,4.72935389651151,4.15769100801158
"529",26,"FiberCrop",5329.89483602878,60.2946759383382,0
"530",26,"Fruits",531.718626348402,0.468174107731933,0.611430448434027
"531",26,"Legumes",3423.69644959592,2.33472284482273,23.5263923772511
"532",26,"MiscCrop",1290.0681021255,7.16757196590131,9.20606609181786
"533",26,"NutsSeeds",2915.41337510885,20.9930695754194,9.8107874910587
"534",26,"OilCrop",4318.781803598,47.4195246588772,1.64943461450554
"535",26,"OilPalm",2075.69362610673,23.4806971279042,0
"536",26,"OtherGrain",3359.87799295459,1.33801570841197,6.71415458851814
"537",26,"OtherMeat_Fish",1212.35316761559,7.67824906204208,11.3715935424702
"538",26,"Pork",2831.30518801175,28.4491990580577,10.1344982173912
"539",26,"Poultry",1257.6007788808,8.19935942733423,11.2831337610186
"540",26,"Rice",2783.75396318166,0.460899641062264,5.50685217974985
"541",26,"RootTuber",767.34718256862,0.141138095104942,1.29974356297855
"542",26,"SheepGoat",1379.40806966572,11.0751195582958,10.0223868642839
"543",26,"Soybean",7949.75279906059,87.8561063811964,3.02288838415053
"544",26,"SugarCrop",528.181133431696,0.00544182979860151,0.00536596750488567
"545",26,"Vegetables",327.146540932657,0.258634327366816,1.34418707693931
"546",26,"Wheat",3193.34455968348,1.63070597726995,9.0085670182239
"547",27,"Beef",1584.1890337468,12.2094826628116,12.0897287409015
"548",27,"Corn",2903.67795220169,2.31058219400149,7.17951326064176
"549",27,"Dairy",722.771585796322,4.45278751182006,3.52037997711688
"550",27,"FiberCrop",5877.05795525291,66.4822509247144,0
"551",27,"Fruits",485.960954081792,0.357891969933001,0.545431564515576
"552",27,"Legumes",3445.82511282014,2.1753649726,22.8566311500295
"553",27,"MiscCrop",2582.66832385016,8.28195266156313,10.1263530917962
"554",27,"NutsSeeds",2890.65987978761,16.4711601017268,6.05764605669428
"555",27,"OilCrop",2849.22521956287,31.2527930533699,1.43230659740335
"556",27,"OilPalm",2387.41611188083,27.0070930121265,0
"557",27,"OtherGrain",3305.40360622382,2.40986299741532,9.00438398288319
"558",27,"OtherMeat_Fish",801.470744253091,3.59254283423029,11.0894997892501
"559",27,"Pork",3009.57555103608,28.9222822966355,9.34796153696442
"560",27,"Poultry",1421.30474531741,10.1401888595736,11.3934715056266
"561",27,"Rice",2703.05517239311,0.538701254859213,5.10168114885224
"562",27,"RootTuber",711.040921712011,0.127560930268628,1.62647828554235
"563",27,"SheepGoat",1654.29513214626,10.5125500619336,14.3719512277496
"564",27,"Soybean",7684.04633834859,83.7768913800596,5.99979087198047
"565",27,"SugarCrop",551.749538578138,0.0266044985811277,0.0342570601898477
"566",27,"Vegetables",337.659992237792,0.52032217267336,1.58701514871591
"567",27,"Wheat",3447.7680447075,1.29419856559195,9.74002101131873
"568",28,"Beef",1802.07046385852,13.2685481389943,14.1229261881853
"569",28,"Corn",3168.29098453224,5.77762633224388,1.2178918070405
"570",28,"Dairy",1273.47754868721,9.98036881927454,5.50647488726662
"571",28,"FiberCrop",6222.61826596893,70.39160934354,0
"572",28,"Fruits",443.911916657044,0.243183559579452,0.519970950951769
"573",28,"Legumes",3393.91688565674,1.76650668373624,21.5193337331
"574",28,"MiscCrop",1792.77041852728,9.023190247368,7.89473409262736
"575",28,"NutsSeeds",3622.68277057062,30.422600946822,10.3799754595701
"576",28,"OilCrop",5448.30077088587,58.8153402231391,3.68029397707465
"577",28,"OilPalm",2388.32925610251,27.0172992771777,0
"578",28,"OtherGrain",3149.4168820553,0.360693964960637,4.80437596972228
"579",28,"OtherMeat_Fish",762.849476431239,3.4450266578993,7.59181274148603
"580",28,"Pork",1956.64234406395,16.1168736477326,11.769777353514
"581",28,"Poultry",1395.08665062917,9.66389923715527,11.905007989336
"582",28,"Rice",2954.21670347667,1.07116763563976,5.19666822152246
"583",28,"RootTuber",704.593605630194,0.121974020553377,1.28062340394962
"584",28,"SheepGoat",1765.78652183974,13.3380473449498,12.3400464144476
"585",28,"Soybean",4976.60476280445,49.8851847092847,9.95204717500444
"586",28,"SugarCrop",576.863638912054,0.0115107107365898,0.00410730330864163
"587",28,"Vegetables",283.250863883073,0.206343691740532,1.3906877254758
"588",28,"Wheat",3264.69082865814,1.37465824058995,9.44398545737857
"589",29,"Beef",1434.4665748482,10.5163640378016,11.7506143567784
"590",29,"Corn",3288.94672915767,3.70600814393765,7.60936869857612
"591",29,"Dairy",766.229391052389,3.74298361717991,4.14849752463242
"592",29,"FiberCrop",5622.13273385581,63.5947322760086,0.00485579049923874
"593",29,"Fruits",497.017209051449,0.304732613759448,0.578829458618566
"594",29,"Legumes",3430.09516973213,2.13708162753586,21.2622105539672
"595",29,"MiscCrop",1584.2367067869,4.16892405216748,8.34989552233984
"596",29,"NutsSeeds",3925.54687786153,35.5103904632564,10.2315099646515
"597",29,"OilCrop",2418.33983754109,25.6434938002814,1.89216783761482
"598",29,"OilPalm",2291.95583122062,25.9050997114366,0.010950331808094
"599",29,"OtherGrain",2963.53857944432,0.695207488660218,4.78780957342891
"600",29,"OtherMeat_Fish",994.668924620723,5.60620636896981,11.2967778737351
"601",29,"Pork",3488.96115174102,33.5320201119761,10.7909911083426
"602",29,"Poultry",1369.33104016297,9.49424782182987,11.709812176046
"603",29,"Rice",2608.8897799367,0.535161935736008,4.88506730110105
"604",29,"RootTuber",892.970069072794,0.176358598524209,1.02937861039264
"605",29,"SheepGoat",1684.71197755237,10.7138308209724,13.7231293271513
"606",29,"Soybean",5186.63012086788,48.3310346083425,14.0362838680389
"607",29,"SugarCrop",518.3721166422,0.0273646181707052,0.0334110938246433
"608",29,"Vegetables",305.201629905594,0.500481965776163,1.59056779262083
"609",29,"Wheat",3493.470096728,1.497557877969,9.72691924684623
"610",30,"Beef",1285.69854188489,6.96468259877933,15.4617896599545
"611",30,"Corn",3600.5967408206,5.56534867708468,7.65424689786643
"612",30,"Dairy",856.074158021102,5.5408395229728,4.0561256152563
"613",30,"FiberCrop",NA,NA,NA
"614",30,"Fruits",409.599549692695,0.244028168622945,0.456708250904242
"615",30,"Legumes",3426.31896715805,1.76543754696922,22.2659106594613
"616",30,"MiscCrop",2849.34805908988,15.1646054528091,9.7206716924499
"617",30,"NutsSeeds",3011.57905966637,17.4206622291215,7.96788291555953
"618",30,"OilCrop",4613.84523673125,50.2149504680901,1.93714583161691
"619",30,"OilPalm",2388.42031473743,27.0183293522334,0
"620",30,"OtherGrain",3101.40972441439,1.09191703364292,6.00429027075715
"621",30,"OtherMeat_Fish",615.979319709608,1.65384348164553,9.52603088549309
"622",30,"Pork",3052.99100425567,28.5914220811257,11.3706762750231
"623",30,"Poultry",1394.37959504037,9.77245003664519,11.6637885346779
"624",30,"Rice",2580.55741950328,0.50562956621134,4.78480315203473
"625",30,"RootTuber",699.385495408411,0.121876294166107,1.14225203803776
"626",30,"SheepGoat",1945.36366854525,15.2392623802809,13.6154122865443
"627",30,"Soybean",4940.04416969589,52.0965578244648,7.04986634582647
"628",30,"SugarCrop",567.725415658579,0.00835653849026594,0.00461054397085318
"629",30,"Vegetables",349.693650335954,0.273815054810683,1.52246379142699
"630",30,"Wheat",3597.04219519113,1.54355845062921,10.9164353550319
"631",31,"Beef",2104.45066461361,14.5271010632023,13.3539770553193
"632",31,"Corn",3066.29126179436,5.68410414581336,6.17501762749602
"633",31,"Dairy",1114.16859898377,7.67372715466624,6.07422598078729
"634",31,"FiberCrop",8468.05888593228,95.7925213340755,0
"635",31,"Fruits",396.628808164154,0.267050985218221,0.523444595251702
"636",31,"Legumes",3408.11519497828,1.81799556913212,22.6619315596882
"637",31,"MiscCrop",714.895689993507,2.64422816213007,9.52364054775036
"638",31,"NutsSeeds",3637.98036292835,36.1692199028665,7.56625171433799
"639",31,"OilCrop",6559.67659580018,74.1162197673794,0.140027696687989
"640",31,"OilPalm",NA,NA,NA
"641",31,"OtherGrain",2167.85300921418,0.386077146968284,3.26248281553839
"642",31,"OtherMeat_Fish",1129.95312410955,6.236976936693,12.7907136491055
"643",31,"Pork",3860.04423590691,42.0922167574623,10.7702318221327
"644",31,"Poultry",1272.88764273951,8.2423652286672,11.2034108331601
"645",31,"Rice",2728.09088964526,0.801215810897879,5.52348093944614
"646",31,"RootTuber",699.569688518615,0.133729627286282,1.45692904535257
"647",31,"SheepGoat",1909.39025998969,16.0221537823267,11.2316156796118
"648",31,"Soybean",8501.98114237389,96.1545661846081,0.0204357340159408
"649",31,"SugarCrop",527.594805260101,0.0010821010779886,0.000385478082216041
"650",31,"Vegetables",294.560979694475,0.227861804319218,1.20589108883403
"651",31,"Wheat",3563.07348294794,1.2526619736964,9.48719166157615
"652",32,"Beef",1802.52689594013,15.0069890464119,10.6527941588958
"653",32,"Corn",3362.36141536668,2.76901550031482,7.69144542358
"654",32,"Dairy",662.460637946787,4.19895523340068,3.72397583136799
"655",32,"FiberCrop",5239.81904142329,59.2739710568246,0
"656",32,"Fruits",558.232558394789,0.648517700125743,0.650630234250357
"657",32,"Legumes",3406.2310463867,1.76927271902559,22.4244683572317
"658",32,"MiscCrop",1850.80788591846,10.8299288504261,7.40268077815809
"659",32,"NutsSeeds",3665.58058905265,31.7361760523073,14.975425311166
"660",32,"OilCrop",2957.68409138158,30.9343159334201,2.04229926343514
"661",32,"OilPalm",2436.24290263427,27.5593088533289,0
"662",32,"OtherGrain",3994.2433680071,0.475338897921862,5.50097707226725
"663",32,"OtherMeat_Fish",1111.7293855033,5.98041670551073,12.8528298045265
"664",32,"Pork",3018.00550180241,28.4248357804806,11.0204570743343
"665",32,"Poultry",1265.53428617983,8.6756702082355,10.5720477819718
"666",32,"Rice",2607.71775292048,0.429845791925959,5.15812718150036
"667",32,"RootTuber",796.891282356482,0.149852446623196,1.1697766700899
"668",32,"SheepGoat",1051.70310942084,7.20873218752247,9.61232868883561
"669",32,"Soybean",8028.25289533328,88.5221430369538,4.36700308025046
"670",32,"SugarCrop",531.610124771754,0.0277400403156965,0.0573364780045124
"671",32,"Vegetables",284.177972428775,0.206804645136376,1.1000569450975
"672",32,"Wheat",3548.8053942917,1.4005658286226,9.32760113872284
