Title: gcam macronutrients by region,,,,
Source: DF_Macronutrient_FoodItem2 - module_aglu_L100.FAO_SUA_connection,,,,
Units: ratio,,,,
"Comments: Some regions had missing values for OilPalm and FiberCrop. They have been filled with the values of the more similar region: 8 with 1, 14 with 15, 23 with 15, 31 with 7, 18 with 29, 19 with 28, and 30 with 29",,,,
########,,,,
GCAM_region_ID,GCAM_commodity,calperg,fatperc,proteinperc
1,Beef,1471.383304,9.820147174,13.92174666
1,Corn,4053.479961,17.31038646,4.828414785
1,Dairy,884.6920066,5.841604625,4.744680109
1,FiberCrop,5851.943695,66.19845809,0
1,Fruits,356.4449196,0.404487186,0.407432004
1,Legumes,3414.685215,1.556180586,22.79852935
1,MiscCrop,1398.65103,7.481201687,8.227920793
1,NutsSeeds,3645.584292,32.26848021,13.76850436
1,OilCrop,4528.97398,49.36126016,2.167564645
1,OilPalm,2416.24501,27.33308835,0
1,OtherGrain,3189.019969,1.069282965,5.838957247
1,OtherMeat_Fish,765.899842,3.250560166,9.005559662
1,Pork,2169.08596,18.79993861,11.00251114
1,Poultry,1265.599311,8.139716731,12.2920838
1,Rice,2818.831497,0.53252944,5.220630746
1,RootTuber,717.2256952,0.128637038,1.562443912
1,SheepGoat,2443.68399,20.76101633,13.31192991
1,Soybean,8634.48632,97.62707894,0.045346203
1,SugarCrop,618.2211573,0.001740244,0.000709769
1,Vegetables,237.9484802,0.26543049,1.060244266
1,Wheat,3511.76456,1.720396374,11.29180297
1,Beef,1633.128189,12.7773063,11.8357901
2,Corn,3526.310849,2.716440931,8.590795719
2,Dairy,702.321588,4.092589934,3.544355491
2,FiberCrop,7620.411664,84.66093124,3.076469484
2,Fruits,662.1803429,0.409057881,0.720680149
2,Legumes,3412.809174,1.957055616,22.74998057
2,MiscCrop,1460.566732,5.630160298,8.607019417
2,NutsSeeds,4262.202957,40.75978127,11.15187573
2,OilCrop,5908.031052,62.59645269,5.863798693
2,OilPalm,2380.490071,26.92858483,0
2,OtherGrain,3343.340717,2.195377795,9.403273813
2,OtherMeat_Fish,1339.227664,7.922973609,11.96698531
2,Pork,2965.688158,28.06977483,9.937959936
2,Poultry,1316.534271,9.212039577,11.17810434
2,Rice,2652.17804,0.818076936,5.514803371
2,RootTuber,931.6336859,0.183404599,1.112924217
2,SheepGoat,1691.543934,12.48980493,12.99743975
2,Soybean,5817.002043,54.41769369,19.9902949
2,SugarCrop,550.4513481,0.010730215,0.012618092
2,Vegetables,326.6686806,0.525143079,1.440319221
2,Wheat,3591.931497,1.538033713,10.7028302
2,Beef,1397.793039,9.769839934,12.38903061
3,Corn,3694.390851,4.542453471,9.246877725
3,Dairy,869.4973476,5.576986999,4.53331217
3,FiberCrop,5372.316919,60.70983465,0
3,Fruits,590.5208062,0.288141671,0.697793212
3,Legumes,3488.427023,2.777042306,25.01926853
3,MiscCrop,1227.665191,5.46542463,8.265144458
3,NutsSeeds,3621.202146,33.66839828,10.07543025
3,OilCrop,3384.009851,37.25169173,1.300119372
3,OilPalm,2394.597917,27.08821173,0
3,OtherGrain,3121.96576,1.497511676,8.638676841
3,OtherMeat_Fish,902.3262422,4.146172969,11.93403286
3,Pork,3031.282254,28.28636743,11.22762549
3,Poultry,1299.698918,8.660318572,11.87869451
3,Rice,2813.99733,0.57156395,5.411008454
3,RootTuber,732.1738213,0.126471763,1.5241184
3,SheepGoat,1870.712958,14.5120591,12.70447505
3,Soybean,8393.820737,94.38613565,1.079278488
3,SugarCrop,391.0960987,0.017642133,0.024202662
3,Vegetables,261.8735557,0.252575307,1.112885285
3,Wheat,3499.123765,1.286796075,10.5755627
3,Beef,1244.407161,9.178390081,9.821486723
4,Corn,3520.128908,3.041392846,8.873262003
4,Dairy,706.2571767,4.059361924,3.450890532
4,FiberCrop,6236.224022,70.54499174,0.000331734
4,Fruits,518.140837,0.306980619,0.633839877
4,Legumes,3396.466277,1.844346356,21.61551624
4,MiscCrop,1546.574092,8.275788503,8.127109218
4,NutsSeeds,3961.387933,35.10303294,13.04408419
4,OilCrop,4382.680846,48.53767739,1.1288543
4,OilPalm,2391.055326,27.048316,0
4,OtherGrain,2364.6051,1.431722202,5.678714893
4,OtherMeat_Fish,997.6169492,4.645376475,11.74712613
4,Pork,3055.286125,29.08627698,9.695967913
4,Poultry,1224.95586,7.908108621,11.82860393
4,Rice,2661.733885,0.495278614,5.101905433
4,RootTuber,889.0566135,0.180909633,0.895678814
4,SheepGoat,1362.920439,8.48804547,12.55118868
4,Soybean,6788.845191,70.14471032,12.53998017
4,SugarCrop,539.517424,0.007081871,0.007245499
4,Vegetables,250.6933804,0.229088987,1.296334057
4,Wheat,3557.335771,1.690494874,10.50161127
4,Beef,1328.807233,10.05692424,10.16141828
5,Corn,3401.403114,3.4270079,8.995127904
5,Dairy,700.1685128,3.909065397,3.58942701
5,FiberCrop,5762.1242,65.18228596,0
5,Fruits,610.6344161,0.313315761,0.635486851
5,Legumes,3392.48126,1.910410839,22.40283577
5,MiscCrop,2505.144582,9.065209401,9.583532588
5,NutsSeeds,4380.25921,39.35773964,11.50369166
5,OilCrop,3699.140504,35.83648735,8.44177419
5,OilPalm,2185.419427,24.71181461,0.005094143
5,OtherGrain,3129.795994,2.663935972,8.663044949
5,OtherMeat_Fish,918.0442121,4.376094873,11.99562523
5,Pork,2937.83876,27.29767199,11.12901686
5,Poultry,1219.268571,7.910540692,11.29609069
5,Rice,2638.638501,0.727873457,5.16601383
5,RootTuber,1021.795907,0.193396348,1.0300232
5,SheepGoat,1428.301827,9.990723512,11.95568262
5,Soybean,5608.65202,51.60985454,19.45949863
5,SugarCrop,566.6866473,0.007685035,0.008327004
5,Vegetables,304.8059591,0.468389911,1.452155741
5,Wheat,3539.581866,1.678640677,10.32145113
5,Beef,1290.745595,8.388321334,12.66020693
6,Corn,3287.467305,6.504748179,6.532913141
6,Dairy,1037.290562,7.716691515,4.526639444
6,FiberCrop,6502.462609,73.55726933,0
6,Fruits,348.9978709,0.39502232,0.378738605
6,Legumes,3434.529491,2.286261853,22.05889444
6,MiscCrop,1659.535647,10.40553082,7.101676508
6,NutsSeeds,3042.911869,26.93795734,10.30652853
6,OilCrop,5930.116363,66.46881217,0.572641354
6,OilPalm,2377.050331,26.88970963,0
6,OtherGrain,2219.936328,0.401717348,3.274724053
6,OtherMeat_Fish,1115.992217,6.372784794,11.11277877
6,Pork,2151.048772,19.7091483,11.21247861
6,Poultry,1298.437367,8.516096669,12.36567502
6,Rice,2646.026102,0.47559128,5.112226837
6,RootTuber,654.3995381,0.106514471,1.368507675
6,SheepGoat,2274.03136,16.90401929,11.28870578
6,Soybean,4299.7901,45.00381816,3.800530082
6,SugarCrop,635.7250359,0.005537969,0.00210278
6,Vegetables,278.3778261,0.271720776,1.197479526
6,Wheat,3380.737829,2.264559398,10.27324
6,Beef,1072.744439,7.267513563,9.809129051
7,Corn,3594.578802,2.898521348,7.886665398
7,Dairy,655.3804869,3.614211016,3.298223551
7,FiberCrop,6599.493219,74.65490067,0
7,Fruits,433.413912,0.294965105,0.568420778
7,Legumes,3371.678282,1.610669299,22.00779602
7,MiscCrop,670.3368276,1.820413406,8.475733648
7,NutsSeeds,3207.896805,27.48453803,12.08359067
7,OilCrop,2378.777759,20.89328898,6.846775987
7,OilPalm,2805.971332,31.74175715,0
7,OtherGrain,2978.389365,0.724124357,4.616108011
7,OtherMeat_Fish,961.9707346,4.739623379,11.96273802
7,Pork,4100.64413,41.26712939,8.908776833
7,Poultry,1259.257724,8.078228938,11.37462127
7,Rice,2788.335531,0.650139102,5.469385529
7,RootTuber,785.9122464,0.156594145,0.887197813
7,SheepGoat,1901.655586,15.72426186,11.95330343
7,Soybean,8470.10043,95.81561573,0
7,SugarCrop,578.5294655,0.014339745,0.01991921
7,Vegetables,265.2091295,0.209010201,1.073918315
7,Wheat,3528.645696,1.251725247,9.378895948
7,Beef,1074.526613,5.951738775,12.5664999
8,Corn,3887.195455,10.50929591,6.830171925
8,Dairy,1361.739081,11.03237432,6.324223421
8,FiberCrop,5984.490599,67.69785746,0
8,Fruits,332.0184432,0.317657034,0.374137805
8,Legumes,3459.243132,2.047160505,23.62602637
8,MiscCrop,953.1412255,2.889996969,6.011601198
8,NutsSeeds,3619.288318,32.07737801,13.15783288
8,OilCrop,7028.126483,77.90026833,1.69493784
8,OilPalm,2416.24501,27.33308835,0
8,OtherGrain,2438.776557,0.785151423,4.561900607
8,OtherMeat_Fish,690.8952877,1.993844155,8.910903884
8,Pork,3086.147139,29.79476588,9.448214558
8,Poultry,1306.897238,8.494973118,12.45111862
8,Rice,2687.808263,0.641133814,5.056382824
8,RootTuber,682.9435933,0.115433073,1.515082742
8,SheepGoat,2453.944174,20.84798969,13.36710577
8,Soybean,4584.049493,42.59615669,16.36047065
8,SugarCrop,616.9329901,0.009601597,0.003420388
8,Vegetables,280.4021728,0.278583961,1.184943809
8,Wheat,3481.299274,1.544569168,11.13821575
8,Beef,1756.576937,13.69052828,12.87846081
9,Corn,3261.668405,2.579881427,8.404181265
9,Dairy,747.5412835,4.292979542,4.048710635
9,FiberCrop,6166.388035,69.77669297,0
9,Fruits,507.1721764,0.93318309,0.599156537
9,Legumes,3376.910253,1.659470284,21.76985699
9,MiscCrop,1383.286387,7.239199425,7.539366524
9,NutsSeeds,3780.541888,33.01451355,13.49644076
9,OilCrop,2507.592842,25.61346118,2.267994268
9,OilPalm,2556.003207,28.91525063,0
9,OtherGrain,3457.570873,1.608353391,7.159481085
9,OtherMeat_Fish,1443.702716,9.536256013,13.0846305
9,Pork,3255.575204,31.57458488,10.95500576
9,Poultry,1266.232097,8.56922209,10.782426
9,Rice,2615.383409,0.472580583,5.141558087
9,RootTuber,848.4817812,0.172184403,1.104219762
9,SheepGoat,1565.189137,12.93832237,12.50806441
9,Soybean,8036.586524,88.86563631,3.730201489
9,SugarCrop,482.1557575,0.010978638,0.010320225
9,Vegetables,272.7732081,0.269963001,1.178839645
9,Wheat,3526.610255,1.999095986,9.851328709
9,Beef,1826.162344,14.56703648,12.04619205
10,Corn,3575.344776,6.275498862,7.445004265
10,Dairy,729.5456142,4.474753792,3.704970357
10,FiberCrop,5223.821446,59.09299574,0
10,Fruits,468.5860339,0.301251465,0.523013398
10,Legumes,3423.013175,1.775016062,22.2569301
10,MiscCrop,3683.562364,29.88036878,9.027719093
10,NutsSeeds,3462.804347,31.92846921,9.984379418
10,OilCrop,7513.565713,84.48251875,1.159062642
10,OilPalm,2388.291733,27.01475896,0
10,OtherGrain,3383.012912,1.081884363,7.472598065
10,OtherMeat_Fish,1657.791682,12.07190209,11.80690871
10,Pork,2975.181049,27.59048642,11.35297839
10,Poultry,1292.924278,8.692486191,11.40682235
10,Rice,2654.691984,0.578930196,4.973729009
10,RootTuber,667.448744,0.122524599,1.590004574
10,SheepGoat,1859.211473,14.83704431,11.70465445
10,Soybean,7985.261389,89.93312308,0.384811943
10,SugarCrop,587.206186,0.000259248,0.000423769
10,Vegetables,244.0158525,0.194797055,0.94640123
10,Wheat,3418.755012,1.306018296,10.1455812
10,Beef,2223.759678,18.42620918,13.49962436
11,Corn,2635.96435,3.984128337,5.259044337
11,Dairy,702.448017,4.130988164,3.472221968
11,FiberCrop,6379.835704,72.17008607,0
11,Fruits,432.3184066,0.279987801,0.476227968
11,Legumes,3362.934926,1.873724166,22.59946263
11,MiscCrop,936.1557169,3.172955142,9.733590558
11,NutsSeeds,3599.96296,31.18578145,12.30205979
11,OilCrop,6688.930192,74.22275547,1.911880537
11,OilPalm,2573.069742,29.10742825,0
11,OtherGrain,4013.983541,1.512360461,7.251234453
11,OtherMeat_Fish,598.1436229,1.78690728,7.834845915
11,Pork,3837.831553,37.24570274,11.09308148
11,Poultry,1569.574196,11.66107334,11.54064458
11,Rice,2713.061905,0.881742441,4.913295964
11,RootTuber,811.4561944,0.156426892,1.453525813
11,SheepGoat,1992.75437,13.36613974,13.42770677
11,Soybean,4767.188622,41.1670209,17.68398477
11,SugarCrop,497.7256287,0.023034745,0.011018473
11,Vegetables,259.5469869,0.204487258,1.316650789
11,Wheat,3365.774754,1.936494905,10.74071011
11,Beef,1548.093937,11.06214876,13.48953247
12,Corn,3410.197633,4.108605168,7.522775186
12,Dairy,1071.663325,7.762046195,5.466340975
12,FiberCrop,5764.094658,65.12023675,0
12,Fruits,405.0528447,0.276465029,0.475397373
12,Legumes,3398.27832,1.766139217,22.15611378
12,MiscCrop,2026.57296,14.14678897,6.974351104
12,NutsSeeds,3567.027275,31.67052972,12.2196499
12,OilCrop,6446.50589,72.2448158,0.81471155
12,OilPalm,2387.568502,27.00968644,0
12,OtherGrain,2659.564196,0.758751305,5.012078236
12,OtherMeat_Fish,1245.7681,7.135496294,11.68842482
12,Pork,3021.00172,27.96301039,11.69976287
12,Poultry,1358.275516,9.277122368,12.19618004
12,Rice,2542.903362,0.651380709,4.957636405
12,RootTuber,653.9294193,0.116765627,1.544543175
12,SheepGoat,2020.874878,16.9376406,12.0159829
12,Soybean,8014.973235,89.23114823,2.615426975
12,SugarCrop,624.0120002,0.004563887,0.013573428
12,Vegetables,270.4301312,0.313092391,1.175597388
12,Wheat,3365.010471,1.510908751,10.4798544
12,Beef,1526.185503,9.993926726,14.7693766
13,Corn,3590.47905,10.77961283,6.499702968
13,Dairy,1036.657516,7.498023995,5.602158894
13,FiberCrop,5664.503866,64.07816996,0
13,Fruits,357.4826208,0.24351359,0.438121935
13,Legumes,3409.327811,2.119099105,22.22165187
13,MiscCrop,1724.718945,12.39738228,6.703354344
13,NutsSeeds,3425.987688,31.01423139,9.886713582
13,OilCrop,4919.937991,55.15756863,0.56669015
13,OilPalm,2394.041609,27.08191865,0
13,OtherGrain,2609.554267,0.795979269,4.556572624
13,OtherMeat_Fish,928.9619931,4.47226344,10.58864544
13,Pork,2665.34198,24.45903744,10.72154381
13,Poultry,1375.339534,9.136071946,12.48775858
13,Rice,2545.377257,0.555346736,4.82741473
13,RootTuber,636.7470074,0.106446719,1.447475143
13,SheepGoat,2218.1476,18.98147035,12.15381658
13,Soybean,7994.076379,89.32848685,1.93131708
13,SugarCrop,616.3348329,0.00651263,0.002320006
13,Vegetables,265.5093019,0.2326581,1.219507526
13,Wheat,3301.697376,1.628869817,10.48142573
13,Beef,2201.327146,17.83185423,13.99835739
14,Corn,3468.949811,3.591227479,7.759661442
14,Dairy,817.5797486,5.28664337,3.740855278
14,FiberCrop,5532.191542,62.58135228,0
14,Fruits,413.596537,0.266236186,0.468584784
14,Legumes,3439.807268,1.866581646,22.35617807
14,MiscCrop,2281.545471,18.12600924,5.675510691
14,NutsSeeds,3438.763083,31.66130396,10.72953476
14,OilCrop,7503.624808,84.78282926,0.091812163
14,OilPalm,2436.295542,27.6537519,0
14,OtherGrain,2738.246318,1.280914131,6.276225123
14,OtherMeat_Fish,1251.463091,7.469963055,11.50631499
14,Pork,2955.511418,26.79894409,12.65955363
14,Poultry,1311.780222,8.850160066,11.60116598
14,Rice,2664.470353,0.521726141,4.961194092
14,RootTuber,668.4594416,0.122970189,1.595188792
14,SheepGoat,1714.915391,13.18606446,12.5093248
14,Soybean,7527.323614,83.22395099,3.419946888
14,SugarCrop,712.3915743,0.002156611,0.000768313
14,Vegetables,254.588915,0.18966626,1.053913032
14,Wheat,3373.352025,1.549372514,9.932643437
14,Beef,1621.250479,12.75860395,11.35646741
15,Corn,3535.649901,5.367606713,7.194704282
15,Dairy,742.003356,4.736260867,3.727864525
15,FiberCrop,5532.191542,62.58135228,0
15,Fruits,444.930889,0.301955344,0.531994934
15,Legumes,3470.233521,2.773419487,21.63987189
15,MiscCrop,1986.01,12.83771432,8.950998507
15,NutsSeeds,3263.611726,29.11844184,9.047027261
15,OilCrop,4887.438184,53.70783355,2.402367958
15,OilPalm,2374.976711,26.86662769,0
15,OtherGrain,2721.831234,0.696843833,5.389230134
15,OtherMeat_Fish,1299.735109,5.174903334,11.013172
15,Pork,2816.097515,26.10324564,10.94141392
15,Poultry,1286.845676,8.512488039,11.85201861
15,Rice,2618.450963,0.48486098,4.619196369
15,RootTuber,693.8797131,0.120817025,1.655646818
15,SheepGoat,1652.038323,12.25366452,9.200211764
15,Soybean,6723.054379,71.34497542,8.631232138
15,SugarCrop,659.4856477,0.003708549,0.001338041
15,Vegetables,233.0743385,0.248948382,1.014756294
15,Wheat,3263.621344,1.396348346,10.56103628
15,Beef,1649.374566,11.83621389,13.78467705
16,Corn,3538.296498,8.743663901,6.81197728
16,Dairy,1157.631692,8.377522088,6.210492903
16,FiberCrop,6003.069754,67.62809974,0
16,Fruits,389.7910353,0.327871204,0.455795618
16,Legumes,3406.557537,1.841647691,22.44906294
16,MiscCrop,2191.753573,18.73819775,4.772764827
16,NutsSeeds,3587.465734,33.90948801,8.500181071
16,OilCrop,5484.606563,61.37123007,0.79066122
16,OilPalm,2531.109754,28.99323888,0
16,OtherGrain,2537.218677,0.824706925,4.569346316
16,OtherMeat_Fish,1096.701002,6.760548134,9.728980494
16,Pork,3846.017692,33.01428825,9.652476869
16,Poultry,1327.672057,8.94762745,12.19773542
16,Rice,2599.952746,0.556956702,4.978491199
16,RootTuber,667.061914,0.119525277,1.5850446
16,SheepGoat,2249.535683,19.26641963,12.22384736
16,Soybean,6537.813395,70.68881368,5.092073955
16,SugarCrop,596.5903333,0.007048491,0.002514344
16,Vegetables,253.8219205,0.251607844,1.187579282
16,Wheat,3429.766165,3.35537117,10.32372419
16,Beef,1683.406452,12.85699174,13.14904257
17,Corn,3310.092253,2.28319166,8.224009604
17,Dairy,830.3129941,5.588112159,3.467824179
17,FiberCrop,6073.526257,68.70504816,0
17,Fruits,462.3694066,0.264296,0.555884116
17,Legumes,3472.534531,2.827367003,20.8528142
17,MiscCrop,2423.646159,9.065636109,10.72419595
17,NutsSeeds,3800.986287,35.05752655,8.690737949
17,OilCrop,4171.156197,46.39712925,1.245540132
17,OilPalm,2393.900088,27.08031774,0
17,OtherGrain,3319.378473,2.943451389,9.594147737
17,OtherMeat_Fish,708.8455228,2.61779979,10.90308472
17,Pork,4049.231261,39.60832982,11.09824326
17,Poultry,1307.794099,8.834265812,11.36468008
17,Rice,2710.542802,0.662194735,5.065921718
17,RootTuber,701.1420693,0.13053954,1.408048424
17,SheepGoat,1566.974475,9.94148674,13.59166615
17,Soybean,8159.739786,90.88747377,2.706537016
17,SugarCrop,529.4325405,0.016806865,0.025125388
17,Vegetables,271.0103038,0.342275799,1.345327924
17,Wheat,3505.242617,1.241552164,10.23331551
17,Beef,824.394822,6.43028242,5.79583264
18,Corn,3405.585511,2.457399221,8.43592767
18,Dairy,610.8720984,2.900672158,3.824440652
18,FiberCrop,5622.132734,63.59473228,0.00485579
18,Fruits,498.1210109,0.46001828,0.615638124
18,Legumes,3411.754001,1.727328366,22.14272888
18,MiscCrop,2440.691571,9.309625515,10.58890446
18,NutsSeeds,3813.222289,32.37344786,14.97034172
18,OilCrop,1742.165894,17.499744,1.324791104
18,OilPalm,2526.242461,28.5774034,0
18,OtherGrain,6554.600572,2.457063225,15.92872052
18,OtherMeat_Fish,738.6193766,3.046369157,10.81525931
18,Pork,3548.598273,34.09250306,10.98448763
18,Poultry,1262.944678,8.58749824,11.02397836
18,Rice,2568.450456,0.634333865,4.742465786
18,RootTuber,1001.530312,0.186394055,0.72076629
18,SheepGoat,1539.684385,10.28568664,12.63475774
18,Soybean,6194.979532,61.06317684,12.61990725
18,SugarCrop,568.568865,0.016605688,0.005848431
18,Vegetables,338.2770939,0.281749386,1.446895168
18,Wheat,3704.037122,1.637710289,10.40725712
18,Beef,1226.994533,6.435427367,15.07260684
19,Corn,3438.71559,6.547887704,0.808930271
19,Dairy,776.2950277,4.471837363,4.5031122
19,FiberCrop,6222.618266,70.39160934,0
19,Fruits,372.4349055,0.272875729,0.436195547
19,Legumes,3285.33409,1.718249357,20.47956242
19,MiscCrop,1835.165233,9.227412744,8.228683772
19,NutsSeeds,3489.620974,29.60136214,12.22592943
19,OilCrop,7284.98304,81.66341937,0.961074056
19,OilPalm,2389.466931,27.03016891,0
19,OtherGrain,1965.180736,0.370812621,3.381638129
19,OtherMeat_Fish,679.5939665,2.406393817,10.0082255
19,Pork,2145.884134,18.26748191,11.5844233
19,Poultry,1356.520676,8.884424672,12.54339427
19,Rice,2800.219986,0.83789927,4.943601043
19,RootTuber,727.9449429,0.106163938,1.037451001
19,SheepGoat,2453.714574,18.21249072,12.2482725
19,Soybean,3965.528773,29.48973425,19.0462576
19,SugarCrop,622.5679362,0.000365643,0.00054503
19,Vegetables,279.3702364,0.236672862,1.316738562
19,Wheat,3513.158834,1.666113984,9.669130314
19,Beef,1509.733527,10.79686984,12.81459791
20,Corn,3302.676264,2.462865263,8.453676871
20,Dairy,652.3895612,3.7451131,3.865948524
20,FiberCrop,5436.175249,61.49519512,0
20,Fruits,418.235258,0.832786881,0.57845628
20,Legumes,3501.819552,1.67674365,20.42787019
20,MiscCrop,1800.582671,7.043105798,9.626061853
20,NutsSeeds,3427.95405,29.54464383,13.55487061
20,OilCrop,6775.514669,75.06996764,1.898217342
20,OilPalm,2370.426022,26.81477401,0
20,OtherGrain,3322.970996,0.463040962,4.828027719
20,OtherMeat_Fish,802.247985,2.539555675,12.53061674
20,Pork,3753.288554,36.63461926,10.54912603
20,Poultry,1356.494881,8.324797258,11.65076948
20,Rice,2825.314882,0.466111178,5.588548827
20,RootTuber,651.5519537,0.114702145,1.489034767
20,SheepGoat,1773.836192,13.77400417,13.35526811
20,Soybean,9878.173464,111.6646182,0.074866547
20,SugarCrop,576.5355482,0.003501131,0.002325385
20,Vegetables,300.4451138,0.404621496,1.268317029
20,Wheat,3486.51418,1.296257387,9.399538024
20,Beef,1586.890985,11.50133633,12.87858835
21,Corn,3822.544955,10.12964956,7.778175997
21,Dairy,955.2087645,6.308208083,5.22676654
21,FiberCrop,5617.498196,62.3400591,1.954032628
21,Fruits,551.0506279,0.327086753,0.649720591
21,Legumes,3501.915637,2.63998371,22.3404951
21,MiscCrop,2357.684951,13.47783767,9.124323922
21,NutsSeeds,2935.654884,27.09282816,9.385440397
21,OilCrop,5743.839754,63.65524224,1.624366207
21,OilPalm,2388.042646,27.01400029,0
21,OtherGrain,3412.93384,2.5211825,9.712249344
21,OtherMeat_Fish,1222.478684,7.260761992,10.94330654
21,Pork,3409.135385,30.68009436,11.01944702
21,Poultry,1291.795164,8.358954113,12.35895781
21,Rice,2743.689571,0.526281163,5.231067077
21,RootTuber,716.2122735,0.113876599,1.537338112
21,SheepGoat,1820.724399,14.14166792,12.44619461
21,Soybean,8351.805504,93.88667963,1.037285129
21,SugarCrop,572.1817076,0.004315914,0.007345251
21,Vegetables,230.3458223,0.200862151,0.960011974
21,Wheat,3419.273734,1.47482497,10.23302755
21,Beef,1184.409206,8.754951867,9.696717948
22,Corn,3703.26219,2.520997849,9.993863614
22,Dairy,792.1182125,5.097397275,3.80878963
22,FiberCrop,6405.909586,72.46504056,0
22,Fruits,456.9437881,0.306619476,0.561000144
22,Legumes,3485.548784,2.834663212,21.57166836
22,MiscCrop,1979.608943,6.272324405,10.19975329
22,NutsSeeds,3158.706026,22.47928412,6.468687622
22,OilCrop,6449.5839,72.15614792,0.579383123
22,OilPalm,2394.101621,27.08259752,0
22,OtherGrain,3857.449156,3.049938828,10.28480459
22,OtherMeat_Fish,2360.067375,20.62939095,11.31473894
22,Pork,3758.151124,36.42915784,10.25854524
22,Poultry,1151.977357,7.656841196,10.40373145
22,Rice,2787.395905,0.68128102,5.303136577
22,RootTuber,704.0633838,0.133429646,1.603075895
22,SheepGoat,1501.324841,9.809860889,12.62395662
22,Soybean,8297.026257,93.63742383,0.263785189
22,SugarCrop,543.0133199,0.007443638,0.011252159
22,Vegetables,391.2592558,0.604312272,1.643944089
22,Wheat,3520.256395,1.262126152,11.0256937
22,Beef,2002.166016,15.24976768,14.71535141
23,Corn,3701.357596,6.971755528,7.596137432
23,Dairy,866.0326655,5.749014438,4.25626637
23,FiberCrop,5532.191542,62.58135228,0
23,Fruits,432.1750246,0.255449239,0.501132919
23,Legumes,3439.413086,1.815667001,22.44705076
23,MiscCrop,1573.005704,11.16290351,6.978244321
23,NutsSeeds,3616.70459,31.65554491,14.86711501
23,OilCrop,6679.987444,75.36791956,0.189566412
23,OilPalm,2374.976711,26.86662769,0
23,OtherGrain,2686.344503,0.928798,5.15372126
23,OtherMeat_Fish,934.0703656,4.245652307,11.69800229
23,Pork,2647.106598,24.46182058,10.24161198
23,Poultry,1275.20069,8.410863626,11.6956492
23,Rice,2482.831954,0.488201336,4.602641038
23,RootTuber,665.4900117,0.121962243,1.586157401
23,SheepGoat,2065.400243,16.84011888,13.10313519
23,Soybean,6995.276031,78.19038791,0.887792335
23,SugarCrop,642.5278898,0.003082716,0.001102059
23,Vegetables,256.809754,0.198475222,1.053778787
23,Wheat,3440.358851,1.305209381,10.6993416
23,Beef,2260.300926,18.25587361,14.35383987
24,Corn,3685.991981,4.113291598,9.022086501
24,Dairy,759.470071,4.850004922,3.747247568
24,FiberCrop,6088.137719,68.87033619,0
24,Fruits,272.6920758,0.22281544,0.339912849
24,Legumes,3370.798189,1.624107554,22.03658802
24,MiscCrop,1992.630764,12.56237188,7.765954009
24,NutsSeeds,3672.384449,30.78642577,14.3202606
24,OilCrop,6992.1345,78.95211078,0.101726737
24,OilPalm,2388.938129,27.02418697,0
24,OtherGrain,3724.016785,0.822805939,5.582956865
24,OtherMeat_Fish,935.3926399,2.985976685,14.25440263
24,Pork,3702.420048,31.62373959,9.673197654
24,Poultry,1275.278911,8.28312942,12.30994944
24,Rice,2702.366479,0.485846295,5.270265294
24,RootTuber,715.3666203,0.1243928,1.490452302
24,SheepGoat,2105.448388,17.92577356,11.82731909
24,Soybean,8624.23281,97.55078206,0.007972231
24,SugarCrop,533.4185522,0.009790465,0.003487668
24,Vegetables,353.8888506,0.435626338,1.293678417
24,Wheat,3628.405919,1.554793305,11.37316772
24,Beef,1067.602475,6.485471134,13.86262853
25,Corn,3659.168116,6.648540556,7.281778191
25,Dairy,1040.33845,6.735818311,6.193284185
25,FiberCrop,6286.258701,71.11152377,0
25,Fruits,506.2308447,0.661995403,0.589884592
25,Legumes,3380.72286,1.660878575,22.13771057
25,MiscCrop,946.3449424,4.04288589,7.630078409
25,NutsSeeds,4020.835867,36.62849543,13.07609909
25,OilCrop,3163.965225,34.37319733,1.075956307
25,OilPalm,2287.736433,25.87937141,0
25,OtherGrain,3728.559736,0.857518252,5.801559456
25,OtherMeat_Fish,804.2630325,2.943811281,12.17457015
25,Pork,2905.832653,27.74830688,9.408230022
25,Poultry,1266.400672,7.980201159,12.386109
25,Rice,2879.865159,0.517447059,5.719358541
25,RootTuber,777.6986821,0.16979097,1.355036216
25,SheepGoat,1640.355228,11.85092253,13.74881823
25,Soybean,8493.373068,95.97954492,0.144779784
25,SugarCrop,586.7513273,0.003554923,0.009806896
25,Vegetables,250.9996118,0.192070211,1.018638283
25,Wheat,3266.600467,1.298888809,10.594777
25,Beef,1770.093498,12.82345494,12.61110717
26,Corn,3496.099294,2.98979183,8.887425859
26,Dairy,810.4520405,4.729353897,4.157691008
26,FiberCrop,5329.894836,60.29467594,0
26,Fruits,531.7186263,0.468174108,0.611430448
26,Legumes,3423.69645,2.334722845,23.52639238
26,MiscCrop,1290.068102,7.167571966,9.206066092
26,NutsSeeds,2915.413375,20.99306958,9.810787491
26,OilCrop,4318.781804,47.41952466,1.649434615
26,OilPalm,2075.693626,23.48069713,0
26,OtherGrain,3359.877993,1.338015708,6.714154589
26,OtherMeat_Fish,1212.353168,7.678249062,11.37159354
26,Pork,2831.305188,28.44919906,10.13449822
26,Poultry,1257.600779,8.199359427,11.28313376
26,Rice,2783.753963,0.460899641,5.50685218
26,RootTuber,767.3471826,0.141138095,1.299743563
26,SheepGoat,1379.40807,11.07511956,10.02238686
26,Soybean,7949.752799,87.85610638,3.022888384
26,SugarCrop,528.1811334,0.00544183,0.005365968
26,Vegetables,327.1465409,0.258634327,1.344187077
26,Wheat,3193.34456,1.630705977,9.008567018
26,Beef,1584.189034,12.20948266,12.08972874
27,Corn,2903.677952,2.310582194,7.179513261
27,Dairy,722.7715858,4.452787512,3.520379977
27,FiberCrop,5877.057955,66.48225092,0
27,Fruits,485.9609541,0.35789197,0.545431565
27,Legumes,3445.825113,2.175364973,22.85663115
27,MiscCrop,2582.668324,8.281952662,10.12635309
27,NutsSeeds,2890.65988,16.4711601,6.057646057
27,OilCrop,2849.22522,31.25279305,1.432306597
27,OilPalm,2387.416112,27.00709301,0
27,OtherGrain,3305.403606,2.409862997,9.004383983
27,OtherMeat_Fish,801.4707443,3.592542834,11.08949979
27,Pork,3009.575551,28.9222823,9.347961537
27,Poultry,1421.304745,10.14018886,11.39347151
27,Rice,2703.055172,0.538701255,5.101681149
27,RootTuber,711.0409217,0.12756093,1.626478286
27,SheepGoat,1654.295132,10.51255006,14.37195123
27,Soybean,7684.046338,83.77689138,5.999790872
27,SugarCrop,551.7495386,0.026604499,0.03425706
27,Vegetables,337.6599922,0.520322173,1.587015149
27,Wheat,3447.768045,1.294198566,9.740021011
27,Beef,1802.070464,13.26854814,14.12292619
28,Corn,3168.290985,5.777626332,1.217891807
28,Dairy,1273.477549,9.980368819,5.506474887
28,FiberCrop,6222.618266,70.39160934,0
28,Fruits,443.9119167,0.24318356,0.519970951
28,Legumes,3393.916886,1.766506684,21.51933373
28,MiscCrop,1792.770419,9.023190247,7.894734093
28,NutsSeeds,3622.682771,30.42260095,10.37997546
28,OilCrop,5448.300771,58.81534022,3.680293977
28,OilPalm,2388.329256,27.01729928,0
28,OtherGrain,3149.416882,0.360693965,4.80437597
28,OtherMeat_Fish,762.8494764,3.445026658,7.591812741
28,Pork,1956.642344,16.11687365,11.76977735
28,Poultry,1395.086651,9.663899237,11.90500799
28,Rice,2954.216703,1.071167636,5.196668222
28,RootTuber,704.5936056,0.121974021,1.280623404
28,SheepGoat,1765.786522,13.33804734,12.34004641
28,Soybean,4976.604763,49.88518471,9.952047175
28,SugarCrop,576.8636389,0.011510711,0.004107303
28,Vegetables,283.2508639,0.206343692,1.390687725
28,Wheat,3264.690829,1.374658241,9.443985457
28,Beef,1434.466575,10.51636404,11.75061436
29,Corn,3288.946729,3.706008144,7.609368699
29,Dairy,766.2293911,3.742983617,4.148497525
29,FiberCrop,5622.132734,63.59473228,0.00485579
29,Fruits,497.0172091,0.304732614,0.578829459
29,Legumes,3430.09517,2.137081628,21.26221055
29,MiscCrop,1584.236707,4.168924052,8.349895522
29,NutsSeeds,3925.546878,35.51039046,10.23150996
29,OilCrop,2418.339838,25.6434938,1.892167838
29,OilPalm,2291.955831,25.90509971,0.010950332
29,OtherGrain,2963.538579,0.695207489,4.787809573
29,OtherMeat_Fish,994.6689246,5.606206369,11.29677787
29,Pork,3488.961152,33.53202011,10.79099111
29,Poultry,1369.33104,9.494247822,11.70981218
29,Rice,2608.88978,0.535161936,4.885067301
29,RootTuber,892.9700691,0.176358599,1.02937861
29,SheepGoat,1684.711978,10.71383082,13.72312933
29,Soybean,5186.630121,48.33103461,14.03628387
29,SugarCrop,518.3721166,0.027364618,0.033411094
29,Vegetables,305.2016299,0.500481966,1.590567793
29,Wheat,3493.470097,1.497557878,9.726919247
29,Beef,1285.698542,6.964682599,15.46178966
30,Corn,3600.596741,5.565348677,7.654246898
30,Dairy,856.074158,5.540839523,4.056125615
30,FiberCrop,5622.132734,63.59473228,0.00485579
30,Fruits,409.5995497,0.244028169,0.456708251
30,Legumes,3426.318967,1.765437547,22.26591066
30,MiscCrop,2849.348059,15.16460545,9.720671692
30,NutsSeeds,3011.57906,17.42066223,7.967882916
30,OilCrop,4613.845237,50.21495047,1.937145832
30,OilPalm,2388.420315,27.01832935,0
30,OtherGrain,3101.409724,1.091917034,6.004290271
30,OtherMeat_Fish,615.9793197,1.653843482,9.526030885
30,Pork,3052.991004,28.59142208,11.37067628
30,Poultry,1394.379595,9.772450037,11.66378853
30,Rice,2580.55742,0.505629566,4.784803152
30,RootTuber,699.3854954,0.121876294,1.142252038
30,SheepGoat,1945.363669,15.23926238,13.61541229
30,Soybean,4940.04417,52.09655782,7.049866346
30,SugarCrop,567.7254157,0.008356538,0.004610544
30,Vegetables,349.6936503,0.273815055,1.522463791
30,Wheat,3597.042195,1.543558451,10.91643536
30,Beef,2104.450665,14.52710106,13.35397706
31,Corn,3066.291262,5.684104146,6.175017627
31,Dairy,1114.168599,7.673727155,6.074225981
31,FiberCrop,8468.058886,95.79252133,0
31,Fruits,396.6288082,0.267050985,0.523444595
31,Legumes,3408.115195,1.817995569,22.66193156
31,MiscCrop,714.89569,2.644228162,9.523640548
31,NutsSeeds,3637.980363,36.1692199,7.566251714
31,OilCrop,6559.676596,74.11621977,0.140027697
31,OilPalm,2805.971332,31.74175715,0
31,OtherGrain,2167.853009,0.386077147,3.262482816
31,OtherMeat_Fish,1129.953124,6.236976937,12.79071365
31,Pork,3860.044236,42.09221676,10.77023182
31,Poultry,1272.887643,8.242365229,11.20341083
31,Rice,2728.09089,0.801215811,5.523480939
31,RootTuber,699.5696885,0.133729627,1.456929045
31,SheepGoat,1909.39026,16.02215378,11.23161568
31,Soybean,8501.981142,96.15456618,0.020435734
31,SugarCrop,527.5948053,0.001082101,0.000385478
31,Vegetables,294.5609797,0.227861804,1.205891089
31,Wheat,3563.073483,1.252661974,9.487191662
31,Beef,1802.526896,15.00698905,10.65279416
32,Corn,3362.361415,2.7690155,7.691445424
32,Dairy,662.4606379,4.198955233,3.723975831
32,FiberCrop,5239.819041,59.27397106,0
32,Fruits,558.2325584,0.6485177,0.650630234
32,Legumes,3406.231046,1.769272719,22.42446836
32,MiscCrop,1850.807886,10.82992885,7.402680778
32,NutsSeeds,3665.580589,31.73617605,14.97542531
32,OilCrop,2957.684091,30.93431593,2.042299263
32,OilPalm,2436.242903,27.55930885,0
32,OtherGrain,3994.243368,0.475338898,5.500977072
32,OtherMeat_Fish,1111.729386,5.980416706,12.8528298
32,Pork,3018.005502,28.42483578,11.02045707
32,Poultry,1265.534286,8.675670208,10.57204778
32,Rice,2607.717753,0.429845792,5.158127182
32,RootTuber,796.8912824,0.149852447,1.16977667
32,SheepGoat,1051.703109,7.208732188,9.612328689
32,Soybean,8028.252895,88.52214304,4.36700308
32,SugarCrop,531.6101248,0.02774004,0.057336478
32,Vegetables,284.1779724,0.206804645,1.100056945
32,Wheat,3548.805394,1.400565829,9.327601139
32,,,,
