Title: GramProteinFatPerKcal,,,,,,,,
Source: DF_Macronutrient_FoodItem3 - module_aglu_L100.FAO_SUA_connection,,,,,,,,
#######,,,,,,,,
GCAM_commodity,GCAM_region_ID,Mt,fatperc,proteinperc,Kcalperg,MKcal,gProteinPerKcal,gFatPerKcal
Beef,2,2.143027327,12.7773063,11.8357901,1.633128189,3499.838337,7.247312356,7.823823254
Corn,2,10.92289975,2.716440931,8.590795719,3.526310849,38517.5399,2.436199214,0.770335075
Dairy,2,15.80533147,4.092589934,3.544355491,0.702321588,11100.4255,5.046627572,5.827230721
FiberCrop,2,0.029484148,84.66093124,3.076469484,7.620411664,224.6813453,0.403714342,11.10975823
Fruits,2,15.45861095,0.409057881,0.720680149,0.662180343,10236.3883,1.088344221,0.617743921
Legumes,2,5.308820172,1.957055616,22.74998057,3.412809174,18117.99019,6.666057025,0.573444197
MiscCrop,2,0.839467337,5.630160298,8.607019417,1.460566732,1226.098066,5.892931303,3.854777857
NutsSeeds,2,1.029213333,40.75978127,11.15187573,4.262202957,4386.716111,2.616458165,9.563078455
OilCrop,2,0.814684504,62.59645269,5.863798693,5.908031052,4813.181349,0.992513181,10.59514619
OilPalm,2,2.152311796,26.92858483,0,2.380490071,5123.556861,0,11.31220212
OtherGrain,2,13.43355061,2.195377795,9.403273813,3.343340717,44912.93673,2.812538299,0.656641958
OtherMeat_Fish,2,2.231709956,7.922973609,11.96698531,1.339227664,2988.767711,8.935736341,5.916076721
Pork,2,0.242984589,28.06977483,9.937959936,2.965688158,720.6165178,3.350979404,9.464843685
Poultry,2,0.687168416,9.212039577,11.17810434,1.316534271,904.6807697,8.490553259,6.997189349
Rice,2,5.412148703,0.818076936,5.514803371,2.65217804,14353.98194,2.079348855,0.308454758
RootTuber,2,25.04205344,0.183404599,1.112924217,0.931633686,23330.02055,1.194594221,0.196863426
SheepGoat,2,0.845977897,12.48980493,12.99743975,1.691543934,1431.008779,7.683773083,7.383671614
Soybean,2,0.128732115,54.41769369,19.9902949,5.817002043,748.8349772,3.436528774,9.35493804
SugarCrop,2,23.67218415,0.010730215,0.012618092,0.550451348,13030.38568,0.022923175,0.019493484
Vegetables,2,9.887764229,0.525143079,1.440319221,0.326668681,3230.022894,4.409113289,1.607570945
Wheat,2,7.766811426,1.538033713,10.7028302,3.591931497,27897.85459,2.979686615,0.428191271
Beef,3,1.90054384,9.769839934,12.38903061,1.397793039,2656.56695,8.863279655,6.989475308
Corn,3,7.24489901,4.542453471,9.246877725,3.694390851,26765.48862,2.502950581,1.229554114
Dairy,3,12.44482093,5.576986999,4.53331217,0.869497348,10820.73879,5.213715927,6.414035666
FiberCrop,3,9.45E-04,60.70983465,0,5.372316919,5.079424,0,11.30049391
Fruits,3,19.14532042,0.288141671,0.697793212,0.590520806,11305.71005,1.181657283,0.487944993
Legumes,3,1.086312621,2.777042306,25.01926853,3.488427023,3789.522302,7.172077375,0.796072925
MiscCrop,3,0.681868674,5.46542463,8.265144458,1.227665191,837.106436,6.732409228,4.451885312
NutsSeeds,3,0.545561797,33.66839828,10.07543025,3.621202146,1975.58955,2.78234405,9.297574929
OilCrop,3,1.995946372,37.25169173,1.300119372,3.384009851,6754.302186,0.384194913,11.00815109
OilPalm,3,0.195349182,27.08821173,0,2.394597917,467.782744,0,11.31221719
OtherGrain,3,2.073582549,1.497511676,8.638676841,3.12196576,6473.65372,2.767063288,0.479669474
OtherMeat_Fish,3,4.00872581,4.146172969,11.93403286,0.902326242,3617.178496,13.22585147,4.594982141
Pork,3,0.001994418,28.28636743,11.22762549,3.031282254,6.045644,3.703919512,9.33148584
Poultry,3,3.789413138,8.660318572,11.87869451,1.299698918,4925.096156,9.139574053,6.663326752
Rice,3,4.990128967,0.57156395,5.411008454,2.81399733,14042.20959,1.922890401,0.203114603
RootTuber,3,7.878921303,0.126471763,1.5241184,0.732173821,5768.739918,2.081634655,0.172734614
SheepGoat,3,0.759973413,14.5120591,12.70447505,1.870712958,1421.692112,6.791247688,7.757501777
Soybean,3,1.160121052,94.38613565,1.079278488,8.393820737,9737.848144,0.128580121,11.24471663
SugarCrop,3,36.55037795,0.017642133,0.024202662,0.391096099,14294.71022,0.061884182,0.045109458
Vegetables,3,31.0353289,0.252575307,1.112885285,0.261873556,8127.33193,4.249704716,0.964493367
Wheat,3,24.51920946,1.286796075,10.5755627,3.499123765,85795.74852,3.022345996,0.367748088
Beef,4,1.364943873,9.178390081,9.821486723,1.244407161,1698.54593,7.892502573,7.375713003
Corn,4,10.76799349,3.041392846,8.873262003,3.520128908,37904.72517,2.520720756,0.864000417
Dairy,4,3.891388084,4.059361924,3.450890532,0.706257177,2748.320762,4.88616703,5.74771069
FiberCrop,4,0.072347078,70.54499174,3.32E-04,6.236224022,451.172584,5.32E-05,11.31213239
Fruits,4,10.06376439,0.306980619,0.633839877,0.518140837,5214.447306,1.223296509,0.592465594
Legumes,4,1.959843693,1.844346356,21.61551624,3.396466277,6656.543012,6.364119199,0.543019187
MiscCrop,4,0.125408038,8.275788503,8.127109218,1.546574092,193.952822,5.254911005,5.351045606
NutsSeeds,4,1.042193508,35.10303294,13.04408419,3.961387933,4128.532786,3.292806565,8.86129648
OilCrop,4,0.998393649,48.53767739,1.1288543,4.382680846,4375.640722,0.257571642,11.07488295
OilPalm,4,1.89177988,27.048316,0,2.391055326,4523.350358,0,11.31229198
OtherGrain,4,1.771872415,1.431722202,5.678714893,2.3646051,4189.77855,2.401548949,0.605480468
OtherMeat_Fish,4,2.189179205,4.645376475,11.74712613,0.997616949,2183.96228,11.775187,4.656473086
Pork,4,0.635699147,29.08627698,9.695967913,3.055286125,1942.242784,3.173505693,9.519984639
Poultry,4,1.047455054,7.908108621,11.82860393,1.22495586,1283.086206,9.656351158,6.455831497
Rice,4,3.450370557,0.495278614,5.101905433,2.661733885,9183.968226,1.916760147,0.186073678
RootTuber,4,25.08636372,0.180909633,0.895678814,0.889056613,22303.19758,1.00744857,0.203484941
SheepGoat,4,0.222912054,8.48804547,12.55118868,1.362920439,303.811394,9.209039879,6.227836363
Soybean,4,0.368362372,70.14471032,12.53998017,6.788845191,2500.75512,1.847144811,10.33234789
SugarCrop,4,13.48693552,0.007081871,0.007245499,0.539517424,7276.43671,0.013429591,0.013126307
Vegetables,4,6.063048924,0.229088987,1.296334057,0.25069338,1519.96623,5.170994363,0.913821445
Wheat,4,2.759273625,1.690494874,10.50161127,3.557335771,9815.662768,2.952100095,0.475213751
Beef,5,2.393031566,10.05692424,10.16141828,1.328807233,3179.877654,7.647022104,7.568384627
Corn,5,13.45343955,3.4270079,8.995127904,3.401403114,45760.57116,2.644534506,1.007527713
Dairy,5,6.587255813,3.909065397,3.58942701,0.700168513,4612.189106,5.126518752,5.58303512
FiberCrop,5,0.297396443,65.18228596,0,5.7621242,1713.635242,0,11.31219732
Fruits,5,30.63799404,0.313315761,0.635486851,0.610634416,18708.6136,1.040699369,0.513098759
Legumes,5,4.860315622,1.910410839,22.40283577,3.39248126,16488.52967,6.603672668,0.563130845
MiscCrop,5,0.622541864,9.065209401,9.583532588,2.505144582,1559.557377,3.825540713,3.618637211
NutsSeeds,5,5.040016851,39.35773964,11.50369166,4.38025921,22076.58023,2.626258199,8.985253555
OilCrop,5,1.958299831,35.83648735,8.44177419,3.699140504,7244.026225,2.282090713,9.687787557
OilPalm,5,11.32300647,24.71181461,0.005094143,2.185419427,24745.51831,0.002330968,11.3075844
OtherGrain,5,17.52508212,2.663935972,8.663044949,3.129795994,54849.9318,2.767926397,0.851153231
OtherMeat_Fish,5,7.494794943,4.376094873,11.99562523,0.918044212,6880.553119,13.06650058,4.766758305
Pork,5,0.64040128,27.29767199,11.12901686,2.93783876,1881.395702,3.788164624,9.291752957
Poultry,5,2.301942229,7.910540692,11.29609069,1.219268571,2806.685813,9.264645179,6.487939474
Rice,5,21.33225741,0.727873457,5.16601383,2.638638501,56288.11571,1.957833113,0.275851905
RootTuber,5,108.4109669,0.193396348,1.0300232,1.021795907,110773.8822,1.008051797,0.189271015
SheepGoat,5,1.388539696,9.990723512,11.95568262,1.428301827,1983.253785,8.370557535,6.994826531
Soybean,5,0.41285299,51.60985454,19.45949863,5.60865202,2315.548756,3.469550002,9.201828596
SugarCrop,5,28.16710514,0.007685035,0.008327004,0.566686647,15961.92238,0.014694195,0.013561349
Vegetables,5,26.02079441,0.468389911,1.452155741,0.304805959,7931.293198,4.764197345,1.536682262
Wheat,5,7.490518024,1.678640677,10.32145113,3.539581866,26513.30177,2.916008591,0.474248298
Beef,31,2.462330163,14.52710106,13.35397706,2.104450665,5181.852348,6.345588081,6.903037124
Corn,31,0.540684349,5.684104146,6.175017627,3.066291262,1657.895696,2.013839228,1.853739146
Dairy,31,3.651988668,7.673727155,6.074225981,1.114168599,4068.931098,5.451801448,6.887402106
FiberCrop,31,0.003385859,95.79252133,0,8.468058886,28.671656,0,11.31221719
Fruits,31,3.353907146,0.267050985,0.523444595,0.396628808,1330.256194,1.319734181,0.673302039
Legumes,31,0.095546714,1.817995569,22.66193156,3.408115195,325.634208,6.649403046,0.533431373
MiscCrop,31,0.323204078,2.644228162,9.523640548,0.71489569,231.057202,13.32172047,3.698760811
NutsSeeds,31,0.026192914,36.1692199,7.566251714,3.637980363,95.289306,2.079794545,9.942115211
OilCrop,31,0.624699297,74.11621977,0.140027697,6.559676596,4097.825356,0.021346738,11.29876126
OilPalm,31,0,27.20257901,5.53E-04,2.403417193,0,2.30E-04,11.31829259
OtherGrain,31,0.457195635,0.386077147,3.262482816,2.167853009,991.132934,1.504937282,0.17809194
OtherMeat_Fish,31,0.622666381,6.236976937,12.79071365,1.129953124,703.583822,11.31968519,5.51967759
Pork,31,0.522745727,42.09221676,10.77023182,3.860044236,2017.821632,2.790183522,10.9045944
Poultry,31,2.426770974,8.242365229,11.20341083,1.272887643,3089.006784,8.801570898,6.475328184
Rice,31,0.54092455,0.801215811,5.523480939,2.72809089,1475.691336,2.024668958,0.293691025
RootTuber,31,2.113633255,0.133729627,1.456929045,0.699569689,1478.633758,2.08260745,0.191159837
SheepGoat,31,0.069920901,16.02215378,11.23161568,1.90939026,133.506288,5.882304899,8.391240973
Soybean,31,0.117122014,96.15456618,0.020435734,8.501981142,995.769152,0.002403644,11.3096659
SugarCrop,31,11.76978943,0.001082101,3.85E-04,0.527594805,6209.679764,7.31E-04,0.002051008
Vegetables,31,3.031244501,0.227861804,1.205891089,0.29456098,892.88635,4.093858902,0.773564118
Wheat,31,3.912241624,1.252661974,9.487191662,3.563073483,13939.60439,2.662642718,0.351567819
Beef,6,0.957690737,8.388321334,12.66020693,1.290745595,1236.1351,9.80844481,6.498818487
Corn,6,0.119139225,6.504748179,6.532913141,3.287467305,391.666308,1.987217677,1.978650303
Dairy,6,4.317991938,7.716691515,4.526639444,1.037290562,4479.012282,4.363906905,7.439276709
FiberCrop,6,0.086319137,73.55726933,0,6.502462609,561.28696,0,11.31221719
Fruits,6,3.190477057,0.39502232,0.378738605,0.348997871,1113.4697,1.085217523,1.131876018
Legumes,6,0.035133887,2.286261853,22.05889444,3.434529491,120.66837,6.422683077,0.665669594
MiscCrop,6,0.248096642,10.40553082,7.101676508,1.659535647,411.725222,4.279315434,6.27014601
NutsSeeds,6,0.253415564,26.93795734,10.30652853,3.042911869,771.121228,3.387061134,8.852690614
OilCrop,6,0.480348978,66.46881217,0.572641354,5.930116363,2848.525332,0.096564944,11.20868599
OilPalm,6,0.306317923,26.88970963,0,2.377050331,728.13312,0,11.31221719
OtherGrain,6,0.578724952,0.401717348,3.274724053,2.219936328,1284.732544,1.475143234,0.180958951
OtherMeat_Fish,6,1.17863717,6.372784794,11.11277877,1.115992217,1315.349908,9.957756515,5.710420465
Pork,6,0.54550971,19.7091483,11.21247861,2.151048772,1173.417992,5.212563638,9.16257621
Poultry,6,1.535269203,8.516096669,12.36567502,1.298437367,1993.450902,9.523505198,6.558727346
Rice,6,0.344213016,0.47559128,5.112226837,2.646026102,910.796626,1.932039458,0.17973794
RootTuber,6,1.615611067,0.106514471,1.368507675,0.654399538,1057.255136,2.091241811,0.162766727
SheepGoat,6,0.369624631,16.90401929,11.28870578,2.27403136,840.538002,4.964182105,7.433503157
Soybean,6,0.04696675,45.00381816,3.800530082,4.2997901,201.947168,0.883887351,10.46651514
SugarCrop,6,6.244041404,0.005537969,0.00210278,0.635725036,3969.493446,0.003307688,0.008711265
Vegetables,6,3.034338323,0.271720776,1.197479526,0.278377826,844.692506,4.301634016,0.976086277
Wheat,6,1.918073622,2.264559398,10.27324,3.380737829,6484.504054,3.038756781,0.669841766
Beef,7,10.80401133,7.267513563,9.809129051,1.072744439,11589.94308,9.143957024,6.774692365
Corn,7,5.036384242,2.898521348,7.886665398,3.594578802,18103.68003,2.194044374,0.806359106
Dairy,7,30.25144515,3.614211016,3.298223551,0.655380487,19826.20685,5.032532425,5.51467596
FiberCrop,7,0.373951874,74.65490067,0,6.599493219,2467.892856,0,11.31221719
Fruits,7,20.3792179,0.294965105,0.568420778,0.433413912,8832.636554,1.311496383,0.680562152
Legumes,7,2.9734264,1.610669299,22.00779602,3.371678282,10025.43722,6.527252656,0.477705512
MiscCrop,7,1.149597158,1.820413406,8.475733648,0.670336828,770.617312,12.64399224,2.715669692
NutsSeeds,7,0.288286892,27.48453803,12.08359067,3.207896805,924.7946,3.766826491,8.567774994
OilCrop,7,2.963621963,20.89328898,6.846775987,2.378777759,7049.798012,2.878274761,8.783203431
OilPalm,7,1.714973741,31.74175715,0,2.805971332,4812.167152,0,11.31221719
OtherGrain,7,2.43437879,0.724124357,4.616108011,2.978389365,7250.5279,1.549867208,0.243126156
OtherMeat_Fish,7,2.52041656,4.739623379,11.96273802,0.961970735,2424.56697,12.43565692,4.926993316
Pork,7,2.856135172,41.26712939,8.908776833,4.10064413,11711.99393,2.172531083,10.06357247
Poultry,7,11.42861097,8.078228938,11.37462127,1.259257724,14391.56664,9.032798494,6.415071978
Rice,7,8.280201242,0.650139102,5.469385529,2.788335531,23087.97933,1.961523449,0.23316387
RootTuber,7,11.82254365,0.156594145,0.887197813,0.785912246,9291.481838,1.128876433,0.199251438
SheepGoat,7,0.13398902,15.72426186,11.95330343,1.901655586,254.800968,6.285735188,8.268722252
Soybean,7,2.664075141,95.81561573,0,8.47010043,22564.984,0,11.31221719
SugarCrop,7,54.27285931,0.014339745,0.01991921,0.578529465,31398.44829,0.034430762,0.024786542
Vegetables,7,10.69258026,0.209010201,1.073918315,0.26520913,2835.769902,4.049326344,0.788095801
Wheat,7,7.951630835,1.251725247,9.378895948,3.528645696,28058.48792,2.657930763,0.354732482
Beef,8,1.106226464,5.951738775,12.5664999,1.074526613,1188.669775,11.69491733,5.538940316
Corn,8,0.527204072,10.50929591,6.830171925,3.887195455,2049.345272,1.757095058,2.703567656
Dairy,8,2.815742555,11.03237432,6.324223421,1.361739081,3834.30668,4.64422554,8.101680026
FiberCrop,8,9.48E-04,67.69785746,0,5.984490599,5.673512,0,11.31221719
Fruits,8,5.159000667,0.317657034,0.374137805,0.332018443,1712.88337,1.1268585,0.956745145
Legumes,8,0.3294896,2.047160505,23.62602637,3.459243132,1139.784636,6.829825332,0.59179434
MiscCrop,8,0.348979955,2.889996969,6.011601198,0.953141226,332.627182,6.307146347,3.032076351
NutsSeeds,8,0.326389912,32.07737801,13.15783288,3.619288318,1181.299196,3.635475188,8.862896568
OilCrop,8,0.762454813,77.90026833,1.69493784,7.028126483,5358.628864,0.24116496,11.08407319
OilPalm,8,0,27.20257901,5.53E-04,2.403417193,0,2.30E-04,11.31829259
OtherGrain,8,0.540937626,0.785151423,4.561900607,2.438776557,1319.226,1.87056932,0.321944797
OtherMeat_Fish,8,0.876737588,1.993844155,8.910903884,0.690895288,605.733868,12.89761856,2.885884722
Pork,8,0.957181077,29.79476588,9.448214558,3.086147139,2954.001642,3.061491929,9.654356888
Poultry,8,1.846455429,8.494973118,12.45111862,1.306897238,2413.1275,9.527236161,6.500107946
Rice,8,0.516600872,0.641133814,5.056382824,2.687808263,1388.524092,1.88122899,0.238534059
RootTuber,8,2.957451517,0.115433073,1.515082742,0.682943593,2019.772566,2.218459558,0.169022851
SheepGoat,8,0.035336388,20.84798969,13.36710577,2.453944174,86.713524,5.447192283,8.49570659
Soybean,8,0.067797046,42.59615669,16.36047065,4.584049493,310.785014,3.568999565,9.29225497
SugarCrop,8,7.400023547,0.009601597,0.003420388,0.61693299,4565.318654,0.00554418,0.015563436
Vegetables,8,3.841073852,0.278583961,1.184943809,0.280402173,1077.045454,4.225872421,0.993515699
Wheat,8,2.142908992,1.544569168,11.13821575,3.481299274,7460.10752,3.199442182,0.443676066
Beef,9,0.822838428,13.69052828,12.87846081,1.756576937,1445.379006,7.331566606,7.793867713
Corn,9,4.099475808,2.579881427,8.404181265,3.261668405,13371.13072,2.576651033,0.790969868
Dairy,9,5.461450532,4.292979542,4.048710635,0.747541283,4082.65974,5.416036177,5.742799277
FiberCrop,9,0.001615153,69.77669297,0,6.166388035,9.959658,0,11.31565068
Fruits,9,9.91551776,0.93318309,0.599156537,0.507172176,5028.874722,1.181367128,1.839972959
Legumes,9,1.128690136,1.659470284,21.76985699,3.376910253,3811.485294,6.446679172,0.491416757
MiscCrop,9,0.254180928,7.239199425,7.539366524,1.383286387,351.605018,5.450329442,5.233333813
NutsSeeds,9,0.150820062,33.01451355,13.49644076,3.780541888,570.1815607,3.569975193,8.732746395
OilCrop,9,0.686765283,25.61346118,2.267994268,2.507592842,1722.127708,0.904450766,10.21436206
OilPalm,9,1.220507495,28.91525063,0,2.556003207,3119.621072,0,11.31268167
OtherGrain,9,0.519615664,1.608353391,7.159481085,3.457570873,1796.607986,2.070667919,0.465168597
OtherMeat_Fish,9,0.886763687,9.536256013,13.0846305,1.443702716,1280.223143,9.063244359,6.605415301
Pork,9,0.659239764,31.57458488,10.95500576,3.255575204,2146.204628,3.364998524,9.698619413
Poultry,9,2.749276555,8.56922209,10.782426,1.266232097,3481.222218,8.515363038,6.767497135
Rice,9,4.033737965,0.472580583,5.141558087,2.615383409,10549.77135,1.965890764,0.180692659
RootTuber,9,3.541070626,0.172184403,1.104219762,0.848481781,3004.533912,1.301406567,0.202932352
SheepGoat,9,0.042072882,12.93832237,12.50806441,1.565189137,65.852018,7.991407633,8.26629962
Soybean,9,0.486134011,88.86563631,3.730201489,8.036586524,3906.858038,0.46415247,11.05763449
SugarCrop,9,24.15638917,0.010978638,0.010320225,0.482155757,11647.14212,0.021404339,0.0227699
Vegetables,9,4.78918345,0.269963001,1.178839645,0.272773208,1306.360934,4.321684131,0.989697643
Wheat,9,2.665339628,1.999095986,9.851328709,3.526610255,9399.614064,2.793427115,0.566860481
Beef,10,2.25749533,14.56703648,12.04619205,1.826162344,4122.552962,6.596451892,7.976857329
Corn,10,0.591858781,6.275498862,7.445004265,3.575344776,2116.0992,2.082317855,1.755215023
Dairy,10,16.67587434,4.474753792,3.704970357,0.729545614,12165.81098,5.078462929,6.133617562
FiberCrop,10,0.44952468,59.09299574,0,5.223821446,2348.236664,0,11.31221585
Fruits,10,6.936748864,0.301251465,0.523013398,0.468586034,3250.463638,1.11615234,0.642894672
Legumes,10,0.161010998,1.775016062,22.2569301,3.423013175,551.142766,6.502145614,0.518553675
MiscCrop,10,0.193945479,29.88036878,9.027719093,3.683562364,714.410266,2.450812068,8.111812922
NutsSeeds,10,0.199805575,31.92846921,9.984379418,3.462804347,691.887612,2.883321845,9.220408087
OilCrop,10,0.652401725,84.48251875,1.159062642,7.513565713,4901.863236,0.154262661,11.24399812
OilPalm,10,0.012906278,27.01475896,0,2.388291733,30.823958,0,11.31133127
OtherGrain,10,0.572113022,1.081884363,7.472598065,3.383012912,1935.465742,2.208858866,0.319799064
OtherMeat_Fish,10,1.013844768,12.07190209,11.80690871,1.657791682,1680.743424,7.122070187,7.281917397
Pork,10,0.24520612,27.59048642,11.35297839,2.975181049,729.5326,3.815894966,9.273548723
Poultry,10,1.252280876,8.692486191,11.40682235,1.292924278,1619.104348,8.822498385,6.723120866
Rice,10,0.700087769,0.578930196,4.973729009,2.654691984,1858.51739,1.873561618,0.218078105
RootTuber,10,6.470148305,0.122524599,1.590004574,0.667448744,4318.49236,2.38221225,0.183571548
SheepGoat,10,0.915656098,14.83704431,11.70465445,1.859211473,1702.398322,6.295493881,7.980288699
Soybean,10,0.031063044,89.93312308,0.384811943,7.985261389,248.046524,0.048190275,11.26238938
SugarCrop,10,11.13556766,2.59E-04,4.24E-04,0.587206186,6538.874212,7.22E-04,4.41E-04
Vegetables,10,19.40733865,0.194797055,0.94640123,0.244015852,4735.698284,3.878441588,0.798296723
Wheat,10,11.17491423,1.306018296,10.1455812,3.418755012,38204.29404,2.967624519,0.38201576
Beef,11,7.237869327,18.42620918,13.49962436,2.223759678,16095.28197,6.070630962,8.286061377
Corn,11,11.40898254,3.984128337,5.259044337,2.63596435,30073.67123,1.995112088,1.511450008
Dairy,11,40.44911331,4.130988164,3.472221968,0.702448017,28413.39944,4.943030493,5.880845363
FiberCrop,11,1.197463724,72.17008607,0,6.379835704,7639.62182,0,11.31221702
Fruits,11,133.4073743,0.279987801,0.476227968,0.432318407,57674.46349,1.101567642,0.647642563
Legumes,11,1.881285857,1.873724166,22.59946263,3.362934926,6326.641916,6.720160553,0.55716932
MiscCrop,11,1.990850941,3.172955142,9.733590558,0.936155717,1863.74649,10.39740546,3.389345474
NutsSeeds,11,13.02853543,31.18578145,12.30205979,3.59996296,46902.24496,3.417273991,8.6628062
OilCrop,11,4.144373797,74.22275547,1.911880537,6.688930192,27721.42702,0.285827551,11.09635672
OilPalm,11,10.89009846,29.10742825,0,2.573069742,28020.98283,0,11.31233552
OtherGrain,11,10.34073074,1.512360461,7.251234453,4.013983541,41507.52301,1.80649332,0.37677296
OtherMeat_Fish,11,77.22594503,1.78690728,7.834845915,0.598143623,46192.20654,13.0986031,2.987421769
Pork,11,53.0591544,37.24570274,11.09308148,3.837831553,203632.0969,2.890455542,9.7048821
Poultry,11,46.73787732,11.66107334,11.54064458,1.569574196,73358.56622,7.352723181,7.429450207
Rice,11,162.0383867,0.881742441,4.913295964,2.713061905,439620.1741,1.8109782,0.324999013
RootTuber,11,98.51617728,0.156426892,1.453525813,0.811456194,79941.5623,1.791256044,0.192773058
SheepGoat,11,4.958233534,13.36613974,13.42770677,1.99275437,9880.541542,6.738264872,6.707369428
Soybean,11,10.26910899,41.1670209,17.68398477,4.767188622,48954.77954,3.709520678,8.635492354
SugarCrop,11,74.67673604,0.023034745,0.011018473,0.497725629,37168.5254,0.022137644,0.046280006
Vegetables,11,503.7103035,0.204487258,1.316650789,0.259546987,130736.4915,5.07288027,0.787862192
Wheat,11,87.82379667,1.936494905,10.74071011,3.365774754,295595.1176,3.19115535,0.57534893
Beef,32,1.026815562,15.00698905,10.65279416,1.802526896,1850.862668,5.909922444,8.325528501
Corn,32,1.390180397,2.7690155,7.691445424,3.362361415,4674.288926,2.287512993,0.823532975
Dairy,32,5.072167977,4.198955233,3.723975831,0.662460638,3360.111634,5.621429588,6.338422229
FiberCrop,32,0.005849448,59.27397106,0,5.239819041,30.650048,0,11.31221719
Fruits,32,7.685325461,0.6485177,0.650630234,0.558232558,4290.198894,1.165518249,1.161733923
Legumes,32,0.30486893,1.769272719,22.42446836,3.406231046,1038.454013,6.583366792,0.519422404
MiscCrop,32,0.109187639,10.82992885,7.402680778,1.850807886,202.085344,3.999702419,5.851460291
NutsSeeds,32,0.033614485,31.73617605,14.97542531,3.665580589,123.216604,4.085417016,8.657885233
OilCrop,32,0.170244005,30.93431593,2.042299263,2.957684091,503.527986,0.690506221,10.45896552
OilPalm,32,1.437737071,27.55930885,0,2.436242903,3502.676736,0,11.31221719
OtherGrain,32,0.29461767,0.475338898,5.500977072,3.994243368,1176.774674,1.377226314,0.119005993
OtherMeat_Fish,32,0.530428316,5.980416706,12.8528298,1.111729386,589.692746,11.56111368,5.379381694
Pork,32,0.383528728,28.42483578,11.02045707,3.018005502,1157.491812,3.651569577,9.418417483
Poultry,32,2.065589287,8.675670208,10.57204778,1.265534286,2614.074064,8.3538217,6.855341892
Rice,32,2.022366139,0.429845792,5.158127182,2.607717753,5273.760084,1.978023571,0.164836011
RootTuber,32,3.768839854,0.149852447,1.16977667,0.796891282,3003.355624,1.467925043,0.188046287
SheepGoat,32,0.012668819,7.208732188,9.612328689,1.051703109,13.323836,9.139773956,6.854341423
Soybean,32,0.20466469,88.52214304,4.36700308,8.028252895,1643.099894,0.543954349,11.02632717
SugarCrop,32,18.53815581,0.02774004,0.057336478,0.531610125,9855.071322,0.107854375,0.052181174
Vegetables,32,2.134198899,0.206804645,1.100056945,0.284177972,606.492316,3.871014124,0.727729329
Wheat,32,1.166094408,1.400565829,9.327601139,3.548805394,4138.242124,2.62837775,0.394658391
Beef,12,0.450667425,11.06214876,13.48953247,1.548093937,697.675508,8.713639494,7.145657314
Corn,12,0.866331232,4.108605168,7.522775186,3.410197633,2954.360716,2.205964579,1.204799724
Dairy,12,12.63142373,7.762046195,5.466340975,1.071663325,13536.63355,5.100800641,7.242989485
FiberCrop,12,1.34E-04,65.12023675,0,5.764094658,0.773618,0,11.29756547
Fruits,12,7.920718137,0.276465029,0.475397373,0.405052845,3208.309413,1.173667533,0.682540642
Legumes,12,0.227760528,1.766139217,22.15611378,3.39827832,773.9936644,6.519805529,0.519715883
MiscCrop,12,0.483930038,14.14678897,6.974351104,2.02657296,980.71953,3.441450785,6.980646271
NutsSeeds,12,0.242699803,31.67052972,12.2196499,3.567027275,865.716816,3.425723707,8.878690091
OilCrop,12,1.164028466,72.2448158,0.81471155,6.44650589,7503.916361,0.126380331,11.20681762
OilPalm,12,0.069611323,27.00968644,0,2.387568502,166.201802,0,11.31263309
OtherGrain,12,3.699398447,0.758751305,5.012078236,2.659564196,9838.787655,1.884548696,0.285291593
OtherMeat_Fish,12,1.491075055,7.135496294,11.68842482,1.2457681,1857.533739,9.382504511,5.727788578
Pork,12,4.057700862,27.96301039,11.69976287,3.02100172,12258.32128,3.872809072,9.256204723
Poultry,12,3.637087916,9.277122368,12.19618004,1.358275516,4940.167466,8.979165048,6.83007406
Rice,12,0.364304358,0.651380709,4.957636405,2.542903362,926.390776,1.949596858,0.256156297
RootTuber,12,8.520205321,0.116765627,1.544543175,0.653929419,5571.612918,2.361941716,0.178559985
SheepGoat,12,0.112526621,16.9376406,12.0159829,2.020874878,227.4022209,5.945931158,8.381340571
Soybean,12,0.128499779,89.23114823,2.615426975,8.014973235,1029.922288,0.326317618,11.1330563
SugarCrop,12,18.93456305,0.004563887,0.013573428,0.624012,11815.39456,0.021751871,0.007313781
Vegetables,12,12.11246737,0.313092391,1.175597388,0.270430131,3275.576141,4.347139066,1.157757052
Wheat,12,9.310803783,1.510908751,10.4798544,3.365010471,31330.95223,3.114360116,0.449005661
Beef,13,6.50804806,9.993926726,14.7693766,1.526185503,9932.488604,9.677314169,6.548304058
Corn,13,2.750416408,10.77961283,6.499702968,3.59047905,9875.312494,1.810260658,3.002277043
Dairy,13,61.6601686,7.498023995,5.602158894,1.036657516,63920.47721,5.404059497,7.232884419
FiberCrop,13,0.028936844,64.07816996,0,5.664503866,163.912864,0,11.31222989
Fruits,13,50.82781546,0.24351359,0.438121935,0.357482621,18170.06068,1.22557548,0.681190011
Legumes,13,1.18575998,2.119099105,22.22165187,3.409327811,4042.644479,6.517898278,0.621559211
MiscCrop,13,3.521006239,12.39738228,6.703354344,1.724718945,6072.746166,3.886635769,7.188059428
NutsSeeds,13,2.52718199,31.01423139,9.886713582,3.425987688,8658.094382,2.885799508,9.052639478
OilCrop,13,8.749132868,55.15756863,0.56669015,4.919937991,43045.19118,0.115182377,11.21102923
OilPalm,13,1.048052775,27.08191865,0,2.394041609,2509.081952,0,11.31221719
OtherGrain,13,7.704523464,0.795979269,4.556572624,2.609554267,20105.37208,1.746111465,0.305024992
OtherMeat_Fish,13,13.12616855,4.47226344,10.58864544,0.928961993,12193.7117,11.39836238,4.814258789
Pork,13,14.4890029,24.45903744,10.72154381,2.66534198,38618.14768,4.022577174,9.176697633
Poultry,13,14.44463507,9.136071946,12.48775858,1.375339534,19866.27767,9.07976414,6.642775634
Rice,13,3.309693455,0.555346736,4.82741473,2.545377257,8424.418448,1.896541943,0.218178557
RootTuber,13,27.02795563,0.106446719,1.447475143,0.636747007,17209.96986,2.273234309,0.167172703
SheepGoat,13,0.965517303,18.98147035,12.15381658,2.2181476,2141.659887,5.479264131,8.557352247
Soybean,13,1.593586144,89.32848685,1.93131708,7.994076379,12739.24935,0.241593523,11.17433492
SugarCrop,13,81.63800223,0.00651263,0.002320006,0.616334833,50316.34447,0.003764198,0.010566707
Vegetables,13,44.94466926,0.2326581,1.219507526,0.265509302,11933.22776,4.593087764,0.876270995
Wheat,13,35.31832645,1.628869817,10.48142573,3.301697376,116610.4258,3.174556761,0.49334316
Beef,14,0.554483875,17.83185423,13.99835739,2.201327146,1220.600406,6.359053635,8.100501675
Corn,14,0.72991362,3.591227479,7.759661442,3.468949811,2532.033716,2.236890663,1.035249189
Dairy,14,7.343699734,5.28664337,3.740855278,0.817579749,6004.060182,4.575523408,6.466211252
FiberCrop,14,0,68.31374542,0.186507024,6.049276273,0,0.030831295,11.29287907
Fruits,14,4.065167502,0.266236186,0.468584784,0.413596537,1681.339201,1.13295142,0.6437099
Legumes,14,0.081139044,1.866581646,22.35617807,3.439807268,279.102672,6.499253108,0.542641346
MiscCrop,14,0.147767445,18.12600924,5.675510691,2.281545471,337.138146,2.487572903,7.944618888
NutsSeeds,14,0.12888783,31.66130396,10.72953476,3.438763083,443.21471,3.120172718,9.207178045
OilCrop,14,0.483304985,84.78282926,0.091812163,7.503624808,3626.539278,0.012235708,11.29891638
OilPalm,14,5.58E-04,27.6537519,0,2.436295542,1.358502,0,11.3507378
OtherGrain,14,1.73232336,1.280914131,6.276225123,2.738246318,4743.528062,2.292060097,0.467786306
OtherMeat_Fish,14,1.042652079,7.469963055,11.50631499,1.251463091,1304.840594,9.19429032,5.96898391
Pork,14,1.00502188,26.79894409,12.65955363,2.955511418,2970.353642,4.283371584,9.067447322
Poultry,14,2.321799255,8.850160066,11.60116598,1.311780222,3045.690343,8.843833583,6.74667899
Rice,14,0.210889945,0.521726141,4.961194092,2.664470353,561.910006,1.861981345,0.195808574
RootTuber,14,7.683268684,0.122970189,1.595188792,0.668459442,5135.953494,2.386365863,0.183960584
SheepGoat,14,0.018952199,13.18606446,12.5093248,1.714915391,32.501418,7.294426804,7.689046661
Soybean,14,0.047649788,83.22395099,3.419946888,7.527323614,358.675376,0.454337699,11.05624725
SugarCrop,14,10.28755382,0.002156611,7.68E-04,0.712391574,7328.766662,0.001078499,0.003027283
Vegetables,14,9.649507897,0.18966626,1.053913032,0.254588915,2456.657746,4.13966583,0.744990253
Wheat,14,5.380303131,1.549372514,9.932643437,3.373352025,18149.65646,2.944443201,0.459297607
Beef,15,1.520731312,12.75860395,11.35646741,1.621250479,2465.486368,7.004758091,7.869606899
Corn,15,2.080199007,5.367606713,7.194704282,3.535649901,7354.855412,2.034902913,1.518138635
Dairy,15,18.00064975,4.736260867,3.727864525,0.742003356,13356.54253,5.024053457,6.383072029
FiberCrop,15,0.226956106,62.58135228,0,5.532191542,1255.564648,0,11.31221719
Fruits,15,12.50434684,0.301955344,0.531994934,0.444930889,5563.570154,1.195679929,0.678656734
Legumes,15,1.097599639,2.773419487,21.63987189,3.470233521,3808.92706,6.235854664,0.799202552
MiscCrop,15,0.657217053,12.83771432,8.950998507,1.98601,1305.23964,4.507025899,6.46407335
NutsSeeds,15,0.773609975,29.11844184,9.047027261,3.263611726,2524.762586,2.772090561,8.922152597
OilCrop,15,1.559889528,53.70783355,2.402367958,4.887438184,7623.86364,0.491539303,10.98895403
OilPalm,15,1.720297781,26.86662769,0,2.374976711,4085.667166,0,11.31237522
OtherGrain,15,0.692632398,0.696843833,5.389230134,2.721831234,1885.228494,1.980001576,0.256020221
OtherMeat_Fish,15,1.005759007,5.174903334,11.013172,1.299735109,1307.220293,8.473397326,3.981506152
Pork,15,0.582574993,26.10324564,10.94141392,2.816097515,1640.58799,3.88531074,9.269297496
Poultry,15,2.767937475,8.512488039,11.85201861,1.286845676,3561.908372,9.210132051,6.615003024
Rice,15,1.087104437,0.48486098,4.619196369,2.618450963,2846.52966,1.764095045,0.185170922
RootTuber,15,4.855631958,0.120817025,1.655646818,0.693879713,3369.22451,2.386071803,0.174118111
SheepGoat,15,0.621367462,12.25366452,9.200211764,1.652038323,1026.52286,5.569006261,7.417300404
Soybean,15,0.020329883,71.34497542,8.631232138,6.723054379,136.67891,1.283826019,10.61198845
SugarCrop,15,16.19546986,0.003708549,0.001338041,0.659485648,10680.67993,0.002028917,0.005623396
Vegetables,15,22.35143145,0.248948382,1.014756294,0.233074338,5209.545099,4.353788154,1.068107212
Wheat,15,13.41494273,1.396348346,10.56103628,3.263621344,43781.29344,3.235987011,0.427852437
Beef,16,0.240421493,11.83621389,13.78467705,1.649374566,396.545096,8.357517653,7.176183102
Corn,16,0.004646468,8.743663901,6.81197728,3.538296498,16.440582,1.925213809,2.471150709
Dairy,16,2.190500285,8.377522088,6.210492903,1.157631692,2535.792553,5.36482626,7.236776725
FiberCrop,16,2.60E-05,67.62809974,0,6.003069754,0.156228,0,11.26558619
Fruits,16,1.61258955,0.327871204,0.455795618,0.389791035,628.57295,1.169333249,0.841146088
Legumes,16,0.045904557,1.841647691,22.44906294,3.406557537,156.376516,6.589955607,0.540618402
MiscCrop,16,0.15566336,18.73819775,4.772764827,2.191753573,341.175726,2.177601025,8.549409015
NutsSeeds,16,0.108136591,33.90948801,8.500181071,3.587465734,387.936314,2.369411083,9.452212377
OilCrop,16,0.206181645,61.37123007,0.79066122,5.484606563,1130.825204,0.144160062,11.18972334
OilPalm,16,7.59E-06,28.99323888,0,2.531109754,0.019206,0,11.45475372
OtherGrain,16,0.279374885,0.824706925,4.569346316,2.537218677,708.835176,1.800927274,0.325043691
OtherMeat_Fish,16,0.544087556,6.760548134,9.728980494,1.096701002,596.701368,8.871133036,6.164440553
Pork,16,0.380540929,33.01428825,9.652476869,3.846017692,1463.567144,2.50973283,8.584018819
Poultry,16,0.403352546,8.94762745,12.19773542,1.327672057,535.519904,9.187310492,6.739335516
Rice,16,0.063747024,0.556956702,4.978491199,2.599952746,165.73925,1.914839109,0.214218009
RootTuber,16,0.619978448,0.119525277,1.5850446,0.667061914,413.56401,2.376158144,0.179181683
SheepGoat,16,0.047646551,19.26641963,12.22384736,2.249535683,107.182616,5.433942417,8.56462059
Soybean,16,0.01592952,70.68881368,5.092073955,6.537813395,104.144226,0.778864989,10.81230213
SugarCrop,16,3.337386835,0.007048491,0.002514344,0.596590333,1991.052724,0.004214524,0.011814624
Vegetables,16,1.332452868,0.251607844,1.187579282,0.253821921,338.205746,4.678789284,0.991277046
Wheat,16,1.079620785,3.35537117,10.32372419,3.429766165,3702.846838,3.01003733,0.978309018
Beef,17,1.268450876,12.85699174,13.14904257,1.683406452,2135.318388,7.810973134,7.63748513
Corn,17,8.511624839,2.28319166,8.224009604,3.310092253,28174.26344,2.484525801,0.689766776
Dairy,17,126.261674,5.588112159,3.467824179,0.830312994,104836.7085,4.176526447,6.730127311
FiberCrop,17,1.464072913,68.70504816,0,6.073526257,8892.08528,0,11.31221719
Fruits,17,77.04730659,0.264296,0.555884116,0.462369407,35624.31743,1.202251074,0.571612213
Legumes,17,18.91359603,2.827367003,20.8528142,3.472534531,65678.11533,6.005070363,0.814208463
MiscCrop,17,3.654384561,9.065636109,10.72419595,2.423646159,8856.935106,4.424819153,3.740494904
NutsSeeds,17,5.749892793,35.05752655,8.690737949,3.800986287,21855.26366,2.286442858,9.223270989
OilCrop,17,11.80337425,46.39712925,1.245540132,4.171156197,49233.71765,0.298607886,11.12332578
OilPalm,17,6.708459692,27.08031774,0,2.393900088,16059.38225,0,11.31221719
OtherGrain,17,14.99655302,2.943451389,9.594147737,3.319378473,49779.23526,2.890344628,0.886747749
OtherMeat_Fish,17,8.877569126,2.61779979,10.90308472,0.708845523,6292.825128,15.38146799,3.693046941
Pork,17,0.372773326,39.60832982,11.09824326,4.049231261,1509.445404,2.74082722,9.781691206
Poultry,17,7.0979776,8.834265812,11.36468008,1.307794099,9282.693222,8.689961276,6.755089212
Rice,17,120.0140982,0.662194735,5.065921718,2.710542802,325303.3502,1.86896946,0.244303368
RootTuber,17,38.80572582,0.13053954,1.408048424,0.701142069,27208.3269,2.00822128,0.186181297
SheepGoat,17,0.810660415,9.94148674,13.59166615,1.566974475,1270.284178,8.673827412,6.344383333
Soybean,17,2.631402456,90.88747377,2.706537016,8.159739786,21471.55931,0.331694035,11.138526
SugarCrop,17,202.4576211,0.016806865,0.025125388,0.52943254,107187.6527,0.047457204,0.031745054
Vegetables,17,115.3292358,0.342275799,1.345327924,0.271010304,31255.41124,4.964120942,1.262962308
Wheat,17,73.24142273,1.241552164,10.23331551,3.505242617,256728.9563,2.919431444,0.354198639
Beef,18,1.594373864,6.43028242,5.79583264,0.824394822,1314.393558,7.030408835,7.800003407
Corn,18,5.213853329,2.457399221,8.43592767,3.405585511,17756.22335,2.477085847,0.721579068
Dairy,18,3.295680918,2.900672158,3.824440652,0.610872098,2013.239518,6.260624216,4.748411599
FiberCrop,18,0,68.31374542,0.186507024,6.049276273,0,0.030831295,11.29287907
Fruits,18,16.29579132,0.46001828,0.615638124,0.498121011,8117.276046,1.235920811,0.92350708
Legumes,18,0.286914024,1.727328366,22.14272888,3.411754001,978.88007,6.490130553,0.506287489
MiscCrop,18,0.720508288,9.309625515,10.58890446,2.440691571,1758.538504,4.338485282,3.814339193
NutsSeeds,18,1.193320396,32.37344786,14.97034172,3.813222289,4550.395932,3.925903236,8.489787746
OilCrop,18,5.010432808,17.499744,1.324791104,1.742165894,8729.005154,0.760427643,10.04482068
OilPalm,18,5.543504347,28.5774034,0,2.526242461,14004.23606,0,11.31221719
OtherGrain,18,0.062566789,2.457063225,15.92872052,4.34,271.5398636,3.6702121,0.5661436
OtherMeat_Fish,18,10.38410344,3.046369157,10.81525931,0.738619377,7669.900006,14.64253397,4.124410019
Pork,18,0.367773754,34.09250306,10.98448763,3.548598273,1305.081308,3.095444112,9.607315464
Poultry,18,4.050213864,8.58749824,11.02397836,1.262944678,5115.196046,8.728789591,6.799583851
Rice,18,46.43176191,0.634333865,4.742465786,2.568450456,119257.68,1.846430705,0.246971423
RootTuber,18,23.8261009,0.186394055,0.72076629,1.001530312,23862.56227,0.719664978,0.186109249
SheepGoat,18,0.132944727,10.28568664,12.63475774,1.539684385,204.69292,8.206069933,6.680386407
Soybean,18,0.848112733,61.06317684,12.61990725,6.194979532,5254.04102,2.037118474,9.856881129
SugarCrop,18,38.50214229,0.016605688,0.005848431,0.568568865,21891.11934,0.010286231,0.029206115
Vegetables,18,10.94813067,0.281749386,1.446895168,0.338277094,3703.501828,4.277248427,0.832895253
Wheat,18,6.264815808,1.637710289,10.40725712,3.704037122,23205.11031,2.809706485,0.442141975
Beef,19,1.082052253,6.435427367,15.07260684,1.226994533,1327.672198,12.28416789,5.24487045
Corn,19,1.325431704,6.547887704,0.808930271,3.43871559,4557.782666,0.235241982,1.904166696
Dairy,19,7.724079931,4.471837363,4.5031122,0.776295028,5996.164844,5.800774241,5.760486933
FiberCrop,19,0,68.31374542,0.186507024,6.049276273,0,0.030831295,11.29287907
Fruits,19,6.159308621,0.272875729,0.436195547,0.372434905,2293.941524,1.171199424,0.732680328
Legumes,19,0.188265144,1.718249357,20.47956242,3.28533409,618.513894,6.233631605,0.523005974
MiscCrop,19,0.827231408,9.227412744,8.228683772,1.835165233,1518.10632,4.483892579,5.028110045
NutsSeeds,19,0.322028714,29.60136214,12.22592943,3.489620974,1123.758154,3.503512136,8.482686905
OilCrop,19,1.261030033,81.66341937,0.961074056,7.28498304,9186.582404,0.131925366,11.20982972
OilPalm,19,0.407867226,27.03016891,0,2.389466931,974.585248,0,11.31221719
OtherGrain,19,0.943136253,0.370812621,3.381638129,1.965180736,1853.433196,1.720777162,0.188691358
OtherMeat_Fish,19,6.560752366,2.406393817,10.0082255,0.679593967,4458.647724,14.72677215,3.540928755
Pork,19,2.302629628,18.26748191,11.5844233,2.145884134,4941.176386,5.398438394,8.512799743
Poultry,19,4.857987213,8.884424672,12.54339427,1.356520676,6589.9601,9.2467402,6.549420755
Rice,19,10.00455462,0.83789927,4.943601043,2.800219986,28014.95379,1.765433097,0.29922623
RootTuber,19,3.785486577,0.106163938,1.037451001,0.727944943,2755.62581,1.42517784,0.145840615
SheepGoat,19,0.018708944,18.21249072,12.2482725,2.453714574,45.906408,4.99172668,7.422416165
Soybean,19,1.907279917,29.48973425,19.0462576,3.965528773,7563.373388,4.802955342,7.436520054
SugarCrop,19,12.52426305,3.66E-04,5.45E-04,0.622567936,7797.204598,8.75E-04,5.87E-04
Vegetables,19,12.21864758,0.236672862,1.316738562,0.279370236,3413.526462,4.713238528,0.84716563
Wheat,19,5.103627748,1.666113984,9.669130314,3.513158834,17929.85491,2.752261076,0.474249546
Beef,20,2.132961941,10.79686984,12.81459791,1.509733527,3220.204154,8.487986572,7.151506968
Corn,20,13.4307438,2.462865263,8.453676871,3.302676264,44357.39878,2.55964442,0.745718038
Dairy,20,11.29219051,3.7451131,3.865948524,0.652389561,7366.907214,5.9258283,5.740608561
FiberCrop,20,0.002798918,61.49519512,0,5.436175249,15.215408,0,11.31221719
Fruits,20,13.59125257,0.832786881,0.57845628,0.418235258,5684.341026,1.383088272,1.991192434
Legumes,20,1.308192,1.67674365,20.42787019,3.501819552,4581.052324,5.833501665,0.478820689
MiscCrop,20,0.180269205,7.043105798,9.626061853,1.800582671,324.589606,5.346081582,3.911570356
NutsSeeds,20,0.439919129,29.54464383,13.55487061,3.42795405,1508.02256,3.954215959,8.618739751
OilCrop,20,0.391380365,75.06996764,1.898217342,6.775514669,2651.803402,0.280158399,11.07959636
OilPalm,20,1.509083015,26.81477401,0,2.370426022,3577.169648,0,11.31221719
OtherGrain,20,1.206925748,0.463040962,4.828027719,3.322970996,4010.579256,1.452925025,0.139345472
OtherMeat_Fish,20,2.542884846,2.539555675,12.53061674,0.802247985,2040.024244,15.61938076,3.16554946
Pork,20,2.094536518,36.63461926,10.54912603,3.753288554,7861.399938,2.810635493,9.760672203
Poultry,20,6.350286833,8.324797258,11.65076948,1.356494881,8614.131584,8.588878321,6.13699128
Rice,20,0.946736536,0.466111178,5.588548827,2.825314882,2674.828824,1.978026896,0.164976718
RootTuber,20,2.127920535,0.114702145,1.489034767,0.651551954,1386.450782,2.28536613,0.176044511
SheepGoat,20,0.117705658,13.77400417,13.35526811,1.773836192,208.790556,7.529031245,7.765093658
Soybean,20,0.47787362,100,0.074866547,9.27,4429.888457,0.008076219,10.78748652
SugarCrop,20,29.73917372,0.003501131,0.002325385,0.576535548,17145.69082,0.004033376,0.006072706
Vegetables,20,7.606921602,0.404621496,1.268317029,0.300445114,2285.462426,4.221459997,1.346740144
Wheat,20,3.053546681,1.296257387,9.399538024,3.48651418,10646.2338,2.695970112,0.371791801
Beef,21,1.737897828,11.50133633,12.87858835,1.586890985,2757.854396,8.115610001,7.247716723
Corn,21,1.833622531,10.12964956,7.778175997,3.822544955,7009.104555,2.034816095,2.649975259
Dairy,21,12.69656847,6.308208083,5.22676654,0.955208765,12127.87348,5.471857811,6.604009843
FiberCrop,21,0.059496938,62.3400591,1.954032628,5.617498196,334.2239407,0.347847486,11.09747737
Fruits,21,22.96560016,0.327086753,0.649720591,0.551050628,12655.20839,1.179057892,0.593569331
Legumes,21,1.542729246,2.63998371,22.3404951,3.501915637,5402.507671,6.379506937,0.753868449
MiscCrop,21,1.009616777,13.47783767,9.124323922,2.357684951,2380.358281,3.870035273,5.716555837
NutsSeeds,21,1.402269978,27.09282816,9.385440397,2.935654884,4116.580708,3.197051686,9.22888733
OilCrop,21,2.338496893,63.65524224,1.624366207,5.743839754,13431.95142,0.282801449,11.08234995
OilPalm,21,3.938371048,27.01400029,0,2.388042646,9404.998018,0,11.31219341
OtherGrain,21,0.823969828,2.5211825,9.712249344,3.41293384,2812.15451,2.84571861,0.738714144
OtherMeat_Fish,21,3.048318428,7.260761992,10.94330654,1.222478684,3726.5043,8.951736079,5.939377176
Pork,21,0.042307813,30.68009436,11.01944702,3.409135385,144.2330613,3.232328957,8.999376935
Poultry,21,7.939533507,8.358954113,12.35895781,1.291795164,10256.25099,9.567273628,6.470804618
Rice,21,8.596988056,0.526281163,5.231067077,2.743689571,23587.46648,1.906581244,0.191815127
RootTuber,21,7.437420827,0.113876599,1.537338112,0.716212274,5326.77208,2.146483897,0.15899839
SheepGoat,21,1.374847373,14.14166792,12.44619461,1.820724399,2503.218158,6.835847653,7.767055754
Soybean,21,0.892471052,93.88667963,1.037285129,8.351805504,7453.744646,0.124198909,11.241483
SugarCrop,21,42.23145458,0.004315914,0.007345251,0.572181708,24164.0658,0.012837269,0.007542908
Vegetables,21,28.96798227,0.200862151,0.960011974,0.230345822,6672.653695,4.167698655,0.872002579
Wheat,21,26.53925439,1.47482497,10.23302755,3.419273734,90744.97544,2.992748854,0.431326967
Beef,22,2.280076971,8.754951867,9.696717948,1.184409206,2700.544154,8.186966042,7.39183031
Corn,22,2.914874924,2.520997849,9.993863614,3.70326219,10794.5461,2.69866488,0.68075057
Dairy,22,37.28327764,5.097397275,3.80878963,0.792118212,29532.76324,4.808360128,6.435147172
FiberCrop,22,0.132880351,72.46504056,0,6.405909586,851.219512,0,11.31221719
Fruits,22,7.57097155,0.306619476,0.561000144,0.456943788,3459.50842,1.227722443,0.67102231
Legumes,22,0.950737724,2.834663212,21.57166836,3.485548784,3313.842716,6.18888723,0.813261666
MiscCrop,22,0.295392554,6.272324405,10.19975329,1.979608943,584.761742,5.15240817,3.168466392
NutsSeeds,22,0.195978288,22.47928412,6.468687622,3.158706026,619.0378,2.047891627,7.116611657
OilCrop,22,0.102792016,72.15614792,0.579383123,6.4495839,662.96573,0.089832636,11.18772142
OilPalm,22,2.022698154,27.08259752,0,2.394101621,4842.544928,0,11.31221719
OtherGrain,22,0.302998196,3.049938828,10.28480459,3.857449156,1168.800136,2.666219093,0.790662094
OtherMeat_Fish,22,0.862590064,20.62939095,11.31473894,2.360067375,2035.770668,4.794244036,8.741017804
Pork,22,4.65E-05,36.42915784,10.25854524,3.758151124,0.174724,2.729678744,9.693372256
Poultry,22,1.763958583,7.656841196,10.40373145,1.151977357,2032.040346,9.031194402,6.646694184
Rice,22,3.557432895,0.68128102,5.303136577,2.787395905,9915.973882,1.902541569,0.244414874
RootTuber,22,3.269840539,0.133429646,1.603075895,0.704063384,2302.174994,2.276891445,0.189513685
SheepGoat,22,0.569681076,9.809860889,12.62395662,1.501324841,855.27635,8.408544423,6.534136133
Soybean,22,0.02392801,93.63742383,0.263785189,8.297026257,198.531328,0.031792739,11.28566078
SugarCrop,22,32.89680824,0.007443638,0.011252159,0.54301332,17863.40506,0.0207217,0.013708021
Vegetables,22,5.275107017,0.604312272,1.643944089,0.391259256,2063.934446,4.201674629,1.544531568
Wheat,22,18.89593439,1.262126152,11.0256937,3.520256395,66518.53388,3.132071209,0.35853245
Beef,23,2.201704647,15.24976768,14.71535141,2.002166016,4408.17822,7.349715905,7.616634964
Corn,23,0.064673532,6.971755528,7.596137432,3.701357596,239.37987,2.052257107,1.883567137
Dairy,23,19.71346402,5.749014438,4.25626637,0.866032666,17072.50379,4.914671859,6.638334404
FiberCrop,23,0,68.31374542,0.186507024,6.049276273,0,0.030831295,11.29287907
Fruits,23,9.525739658,0.255449239,0.501132919,0.432175025,4116.786771,1.15956011,0.591078207
Legumes,23,0.327730445,1.815667001,22.44705076,3.439413086,1127.20038,6.526418955,0.527900242
MiscCrop,23,0.582216615,11.16290351,6.978244321,1.573005704,915.830056,4.436248582,7.096543567
NutsSeeds,23,0.22924811,31.65554491,14.86711501,3.61670459,829.12269,4.11067994,8.75259345
OilCrop,23,2.188555962,75.36791956,0.189566412,6.679987444,14619.52635,0.028378259,11.2826439
OilPalm,23,0,27.20257901,5.53E-04,2.403417193,0,2.30E-04,11.31829259
OtherGrain,23,2.931600159,0.928798,5.15372126,2.686344503,7875.287974,1.918488583,0.345747911
OtherMeat_Fish,23,4.373388903,4.245652307,11.69800229,0.934070366,4085.052971,12.52368421,4.545323846
Pork,23,3.520165926,24.46182058,10.24161198,2.647106598,9318.25445,3.868983587,9.240965435
Poultry,23,6.557414435,8.410863626,11.6956492,1.27520069,8362.01941,9.171614547,6.595717595
Rice,23,1.07110605,0.488201336,4.602641038,2.482831954,2659.376328,1.853786774,0.196630841
RootTuber,23,15.2522006,0.121962243,1.586157401,0.665490012,10150.18716,2.383442837,0.183266827
SheepGoat,23,0.207287853,16.84011888,13.10313519,2.065400243,428.132382,6.344114287,8.15344093
Soybean,23,0.122614827,78.19038791,0.887792335,6.995276031,857.72456,0.126913124,11.17759865
SugarCrop,23,30.28667955,0.003082716,0.001102059,0.64252789,19460.0363,0.001715192,0.004797793
Vegetables,23,15.88691221,0.198475222,1.053778787,0.256809754,4079.914016,4.103344094,0.772849234
Wheat,23,16.95161221,1.305209381,10.6993416,3.440358851,58319.62911,3.109949299,0.379381756
Beef,24,1.043774604,18.25587361,14.35383987,2.260300926,2359.244704,6.350411002,8.07674474
Corn,24,4.730634524,4.113291598,9.022086501,3.685991981,17437.08092,2.447668511,1.11592527
Dairy,24,2.317655873,4.850004922,3.747247568,0.759470071,1760.19027,4.934029281,6.386038249
FiberCrop,24,0.001820523,68.87033619,0,6.088137719,11.083592,0,11.31221719
Fruits,24,2.382576699,0.22281544,0.339912849,0.272692076,649.7097859,1.24650798,0.817095397
Legumes,24,0.104939775,1.624107554,22.03658802,3.370798189,353.730802,6.537498474,0.481816906
MiscCrop,24,0.083073292,12.56237188,7.765954009,1.992630764,165.534398,3.897337203,6.304415301
NutsSeeds,24,0.074196019,30.78642577,14.3202606,3.672384449,272.476308,3.899444843,8.383225177
OilCrop,24,0.371477658,78.95211078,0.101726737,6.9921345,2597.421746,0.014548739,11.29156065
OilPalm,24,0.883359045,27.02418697,0,2.388938129,2110.290104,0,11.31221719
OtherGrain,24,0.550236701,0.822805939,5.582956865,3.724016785,2049.090712,1.499176074,0.220945819
OtherMeat_Fish,24,0.752112172,2.985976685,14.25440263,0.93539264,703.52019,15.23895103,3.192217426
Pork,24,0.231013333,31.62373959,9.673197654,3.702420048,855.308396,2.612668884,8.541370017
Poultry,24,2.407726317,8.28312942,12.30994944,1.275278911,3070.522596,9.65275073,6.495151254
Rice,24,1.118960718,0.485846295,5.270265294,2.702366479,3023.841934,1.950240774,0.179785495
RootTuber,24,1.865028108,0.1243928,1.490452302,0.71536662,1334.178854,2.083480358,0.173886783
SheepGoat,24,0.192400551,17.92577356,11.82731909,2.105448388,405.08943,5.61748232,8.513993342
Soybean,24,0.24942966,97.55078206,0.007972231,8.62423281,2151.139456,9.24E-04,11.31124173
SugarCrop,24,11.20626241,0.009790465,0.003487668,0.533418552,5977.62827,0.006538334,0.01835419
Vegetables,24,2.281150238,0.435626338,1.293678417,0.353888851,807.273636,3.655606598,1.230969376
Wheat,24,2.468824797,1.554793305,11.37316772,3.628405919,8957.898506,3.134480533,0.428505889
Beef,25,0.647527113,6.485471134,13.86262853,1.067602475,691.301548,12.9848224,6.074799644
Corn,25,1.148382183,6.648540556,7.281778191,3.659168116,4202.123468,1.990009193,1.816954112
Dairy,25,1.796703534,6.735818311,6.193284185,1.04033845,1869.17977,5.9531436,6.474641317
FiberCrop,25,0.001517897,71.11152377,0,6.286258701,9.541896,0,11.31221719
Fruits,25,2.782962411,0.661995403,0.589884592,0.506230845,1408.821412,1.165248223,1.307694721
Legumes,25,0.172654242,1.660878575,22.13771057,3.38072286,583.696142,6.548218083,0.491279127
MiscCrop,25,0.090240947,4.04288589,7.630078409,0.946344942,85.399064,8.06268208,4.272105982
NutsSeeds,25,0.010909263,36.62849543,13.07609909,4.020835867,43.864356,3.252084772,9.109671881
OilCrop,25,0.120631052,34.37319733,1.075956307,3.163965225,381.672454,0.340065782,10.8639618
OilPalm,25,0.423272259,25.87937141,0,2.287736433,968.335368,0,11.31221719
OtherGrain,25,0.236089633,0.857518252,5.801559456,3.728559736,880.2743,1.55597868,0.229986459
OtherMeat_Fish,25,0.420995232,2.943811281,12.17457015,0.804263033,338.590902,15.13754787,3.660259345
Pork,25,0.209442742,27.74830688,9.408230022,2.905832653,608.605558,3.237705383,9.549175809
Poultry,25,1.146710541,7.980201159,12.386109,1.266400672,1452.195,9.780560984,6.301482095
Rice,25,0.981978818,0.517447059,5.719358541,2.879865159,2827.966586,1.985981365,0.17967753
RootTuber,25,0.914032648,0.16979097,1.355036216,0.777698682,710.841986,1.74236661,0.218324878
SheepGoat,25,0.011441631,11.85092253,13.74881823,1.640355228,18.76834,8.381610275,7.224607406
Soybean,25,0.335740754,95.97954492,0.144779784,8.493373068,2851.571482,0.017046206,11.30052149
SugarCrop,25,6.961200083,0.003554923,0.009806896,0.586751327,4084.493388,0.016713888,0.006058654
Vegetables,25,1.580478165,0.192070211,1.018638283,0.250999612,396.699406,4.058326128,0.765221146
Wheat,25,1.238256477,1.298888809,10.594777,3.266600467,4044.889186,3.24336481,0.397627081
Beef,26,1.382623167,12.82345494,12.61110717,1.770093498,2447.372278,7.124542959,7.244507114
Corn,26,2.135156328,2.98979183,8.887425859,3.496099294,7464.71853,2.542097667,0.855179324
Dairy,26,5.900327715,4.729353897,4.157691008,0.810452041,4781.932637,5.130088889,5.835451896
FiberCrop,26,0.033860369,60.29467594,0,5.329894836,180.472208,0,11.31254514
Fruits,26,10.29738014,0.468174108,0.611430448,0.531718626,5475.308823,1.149913541,0.880492209
Legumes,26,0.476976516,2.334722845,23.52639238,3.42369645,1633.022804,6.871635007,0.681930445
MiscCrop,26,0.321724994,7.167571966,9.206066092,1.290068102,415.047152,7.136108611,5.555964026
NutsSeeds,26,0.207108509,20.99306958,9.810787491,2.915413375,603.806918,3.365144571,7.200718003
OilCrop,26,0.368231836,47.41952466,1.649434615,4.318781804,1590.312952,0.381921266,10.97983802
OilPalm,26,1.115595498,23.48069713,0,2.075693626,2315.634464,0,11.31221719
OtherGrain,26,0.835115525,1.338015708,6.714154589,3.359877993,2805.886274,1.998332857,0.398233421
OtherMeat_Fish,26,1.670990561,7.678249062,11.37159354,1.212353168,2025.8307,9.379769729,6.333343507
Pork,26,1.050995449,28.44919906,10.13449822,2.831305188,2975.688866,3.579443947,10.04808637
Poultry,26,3.571018929,8.199359427,11.28313376,1.257600779,4490.916186,8.97195195,6.519842835
Rice,26,3.570105562,0.460899641,5.50685218,2.783753963,9938.295506,1.978210809,0.165567664
RootTuber,26,7.901020033,0.141138095,1.299743563,0.767347183,6062.825462,1.693814211,0.183929906
SheepGoat,26,0.103397107,11.07511956,10.02238686,1.37940807,142.626804,7.265715697,8.028892829
Soybean,26,0.368147067,87.85610638,3.022888384,7.949752799,2926.678174,0.380249356,11.0514262
SugarCrop,26,15.79443486,0.00544183,0.005365968,0.528181133,8342.322508,0.010159332,0.010302961
Vegetables,26,4.712118666,0.258634327,1.344187077,0.327146541,1541.553322,4.108822527,0.790576378
Wheat,26,4.5861382,1.630705977,9.008567018,3.19334456,14645.11947,2.821044472,0.510657697
Beef,27,0.67736142,12.20948266,12.08972874,1.584189034,1073.068533,7.63149377,7.707086972
Corn,27,1.544468334,2.310582194,7.179513261,2.903677952,4484.638648,2.472558382,0.795743272
Dairy,27,8.281500625,4.452787512,3.520379977,0.722771586,5985.63334,4.870667368,6.160711903
FiberCrop,27,0.012085933,66.48225092,0,5.877057955,71.029726,0,11.31216528
Fruits,27,8.080129287,0.35789197,0.545431565,0.485960954,3926.627337,1.122377343,0.736462399
Legumes,27,1.542992666,2.175364973,22.85663115,3.445825113,5316.882876,6.633137319,0.631304521
MiscCrop,27,0.703445677,8.281952662,10.12635309,2.582668324,1816.766868,3.920887943,3.206742649
NutsSeeds,27,0.32305379,16.4711601,6.057646057,2.89065988,933.8386306,2.095592809,5.698062306
OilCrop,27,2.004007692,31.25279305,1.432306597,2.84922522,5709.869255,0.502700379,10.96887422
OilPalm,27,2.790782406,27.00709301,0,2.387416112,6662.75888,0,11.31226889
OtherGrain,27,0.427439664,2.409862997,9.004383983,3.305403606,1412.860606,2.724140545,0.729067698
OtherMeat_Fish,27,4.82119946,3.592542834,11.08949979,0.801470744,3864.050319,13.83643741,4.482437893
Pork,27,0.028427971,28.9222823,9.347961537,3.009575551,85.55612667,3.106073059,9.610086807
Poultry,27,1.181289455,10.14018886,11.39347151,1.421304745,1678.972307,8.016205914,7.134422715
Rice,27,43.45489239,0.538701255,5.101681149,2.703055172,117460.9716,1.887375885,0.199293474
RootTuber,27,11.42748567,0.12756093,1.626478286,0.711040922,8125.409946,2.28746087,0.179400266
SheepGoat,27,0.472261838,10.51255006,14.37195123,1.654295132,781.2604594,8.687658537,6.354700475
Soybean,27,0.569253388,83.77689138,5.999790872,7.684046338,4374.169409,0.780811386,10.90270512
SugarCrop,27,17.15864244,0.026604499,0.03425706,0.551749539,9467.273048,0.062088063,0.048218434
Vegetables,27,11.86890715,0.520322173,1.587015149,0.337659992,4007.655098,4.700039049,1.54096483
Wheat,27,9.376470691,1.294198566,9.740021011,3.447768045,32327.89602,2.825022126,0.375372864
Beef,28,0.703901151,13.26854814,14.12292619,1.802070464,1268.479474,7.837055471,7.362946347
Corn,28,0.573683733,5.777626332,1.217891807,3.168290985,1817.597,0.384400238,1.823578188
Dairy,28,1.070302106,9.980368819,5.506474887,1.273477549,1363.005702,4.323966993,7.837098369
FiberCrop,28,0.040427546,70.39160934,0,6.222618266,251.565184,0,11.31221719
Fruits,28,3.116264241,0.24318356,0.519970951,0.443911917,1383.346832,1.171338122,0.547819399
Legumes,28,0.064462183,1.766506684,21.51933373,3.393916886,218.779292,6.340560025,0.520492028
MiscCrop,28,0.12495635,9.023190247,7.894734093,1.792770419,224.018048,4.403650356,5.03309858
NutsSeeds,28,0.252298542,30.42260095,10.37997546,3.622682771,913.99758,2.865273091,8.39780982
OilCrop,28,0.517705923,58.81534022,3.680293977,5.448300771,2820.617578,0.675493908,10.79517132
OilPalm,28,0.697797356,27.01729928,0,2.388329256,1666.56984,0,11.31221719
OtherGrain,28,0.352768728,0.360693965,4.80437597,3.149416882,1111.015788,1.525481113,0.114527222
OtherMeat_Fish,28,4.474558756,3.445026658,7.591812741,0.762849476,3413.414804,9.951914468,4.515997932
Pork,28,1.560262998,16.11687365,11.76977735,1.956642344,3052.87665,6.015293183,8.237005448
Poultry,28,1.521488427,9.663899237,11.90500799,1.395086651,2122.608194,8.533525845,6.927096057
Rice,28,4.75208571,1.071167636,5.196668222,2.954216703,14038.69098,1.759068052,0.362589391
RootTuber,28,1.031794078,0.121974021,1.280623404,0.704593606,726.99551,1.817534808,0.173112585
SheepGoat,28,0.012225698,13.33804734,12.34004641,1.765786522,21.587972,6.988413527,7.553601288
Soybean,28,0.99299972,49.88518471,9.952047175,4.976604763,4941.767134,1.999766437,10.02393943
SugarCrop,28,8.52064839,0.011510711,0.004107303,0.576863639,4915.252236,0.007120059,0.019953954
Vegetables,28,10.19815046,0.206343692,1.390687725,0.283250864,2888.634928,4.90973869,0.728483892
Wheat,28,2.321428288,1.374658241,9.443985457,3.264690829,7578.745642,2.892765641,0.42106843
Beef,29,2.22483031,10.51636404,11.75061436,1.434466575,3191.444714,8.191626464,7.331201871
Corn,29,5.274913857,3.706008144,7.609368699,3.288946729,17348.91068,2.313618713,1.126806984
Dairy,29,7.544129098,3.742983617,4.148497525,0.766229391,5780.533445,5.414171752,4.884938715
FiberCrop,29,0.076773307,63.59473228,0.00485579,5.622132734,431.62972,8.64E-04,11.31149606
Fruits,29,31.05081628,0.304732614,0.578829459,0.497017209,15432.79005,1.164606473,0.613122862
Legumes,29,1.816835674,2.137081628,21.26221055,3.43009517,6231.919271,6.198723214,0.623038581
MiscCrop,29,1.078154181,4.168924052,8.349895522,1.584236707,1708.051429,5.270611069,2.631503256
NutsSeeds,29,1.636229214,35.51039046,10.23150996,3.925546878,6423.094481,2.606390978,9.045972846
OilCrop,29,5.171184937,25.6434938,1.892167838,2.418339838,12505.68254,0.782424293,10.60375941
OilPalm,29,3.525225593,25.90509971,0.010950332,2.291955831,8079.661354,0.004777724,11.30261734
OtherGrain,29,1.429781969,0.695207489,4.787809573,2.963538579,4237.214024,1.615571873,0.234586954
OtherMeat_Fish,29,16.1847624,5.606206369,11.29677787,0.994668925,16098.48021,11.35732463,5.636253662
Pork,29,7.881104678,33.53202011,10.79099111,3.488961152,27496.86805,3.092895174,9.610889504
Poultry,29,9.348744869,9.494247822,11.70981218,1.36933104,12801.52654,8.551483778,6.933493468
Rice,29,65.24487177,0.535161936,4.885067301,2.60888978,170216.6792,1.872469791,0.205130144
RootTuber,29,12.32465697,0.176358599,1.02937861,0.892970069,11005.54978,1.152758246,0.197496651
SheepGoat,29,0.255328471,10.71383082,13.72312933,1.684711978,430.1549339,8.14568277,6.35944361
Soybean,29,1.805643599,48.33103461,14.03628387,5.186630121,9365.205478,2.706243465,9.318388526
SugarCrop,29,64.01496315,0.027364618,0.033411094,0.518372117,33183.57195,0.064453879,0.052789526
Vegetables,29,36.83461058,0.500481966,1.590567793,0.30520163,11241.98319,5.211531122,1.63984041
Wheat,29,6.43697589,1.497557878,9.726919247,3.493470097,22487.38278,2.784314443,0.42867345
Beef,30,0.127401935,6.964682599,15.46178966,1.285698542,163.800482,12.02598366,5.417041687
Corn,30,0.171441725,5.565348677,7.654246898,3.600596741,617.292516,2.125827314,1.545673975
Dairy,30,0.861123802,5.540839523,4.056125615,0.856074158,737.185834,4.738054031,6.472382645
FiberCrop,30,0,68.31374542,0.186507024,6.049276273,0,0.030831295,11.29287907
Fruits,30,2.501423194,0.244028169,0.456708251,0.40959955,1024.581814,1.115011604,0.595772551
Legumes,30,0.063674344,1.765437547,22.26591066,3.426318967,218.168612,6.498493244,0.515257792
MiscCrop,30,0.082558473,15.16460545,9.720671692,2.849348059,235.237824,3.411542392,5.322131638
NutsSeeds,30,0.209219441,17.42066223,7.967882916,3.01157906,630.080886,2.645749209,5.784560818
OilCrop,30,0.098422645,50.21495047,1.937145832,4.613845237,454.10685,0.419854965,10.88353594
OilPalm,30,0.354094433,27.01832935,0,2.388420315,845.726336,0,11.31221719
OtherGrain,30,0.17126967,1.091917034,6.004290271,3.101409724,531.17742,1.935987439,0.352071197
OtherMeat_Fish,30,0.815910031,1.653843482,9.526030885,0.61597932,502.583706,15.46485504,2.684900984
Pork,30,0.865491771,28.59142208,11.37067628,3.052991004,2642.33859,3.724438185,9.365052842
Poultry,30,1.096035165,9.772450037,11.66378853,1.394379595,1528.28907,8.364858878,7.008457433
Rice,30,1.459059973,0.505629566,4.784803152,2.58055742,3765.18804,1.854174263,0.195938119
RootTuber,30,0.328389032,0.121876294,1.142252038,0.699385495,229.670526,1.633222372,0.17426197
SheepGoat,30,0.022294,15.23926238,13.61541229,1.945363669,43.369938,6.998903345,7.833631637
Soybean,30,0.81831913,52.09655782,7.049866346,4.94004417,4042.532648,1.427085691,10.54576762
SugarCrop,30,3.908141149,0.008356538,0.004610544,0.567725416,2218.751058,0.008121081,0.014719331
Vegetables,30,2.69793207,0.273815055,1.522463791,0.34969365,943.449714,4.353707281,0.783014088
Wheat,30,0.938190369,1.543558451,10.91643536,3.597042195,3374.710346,3.034836614,0.429118806
Beef,1,10.41272438,9.820147174,13.92174666,1.471383304,15321.1088,9.461672307,6.674091751
Corn,1,4.058536593,17.31038646,4.828414785,4.053479961,16451.19675,1.191177662,4.270500071
Dairy,1,56.2940568,5.841604625,4.744680109,0.884692007,49802.90207,5.363086897,6.602981129
FiberCrop,1,0.211526377,66.19845809,0,5.851943695,1237.840448,0,11.31221719
Fruits,1,39.87483912,0.404487186,0.407432004,0.35644492,14213.18383,1.143043376,1.13478174
Legumes,1,1.20676445,1.556180586,22.79852935,3.414685215,4120.720724,6.676612311,0.455731784
MiscCrop,1,2.246867695,7.481201687,8.227920793,1.39865103,3142.583815,5.88275461,5.348869395
NutsSeeds,1,2.982879329,32.26848021,13.76850436,3.645584292,10874.33803,3.776762037,8.851387767
OilCrop,1,2.367998283,49.36126016,2.167564645,4.52897398,10724.60261,0.478599492,10.89899398
OilPalm,1,0.057172464,27.33308835,0,2.41624501,138.14268,0,11.31221719
OtherGrain,1,4.976184311,1.069282965,5.838957247,3.189019969,15869.15114,1.830956627,0.335301433
OtherMeat_Fish,1,7.813543709,3.250560166,9.005559662,0.765899842,5984.391893,11.75814273,4.244106067
Pork,1,7.693741783,18.79993861,11.00251114,2.16908596,16688.38728,5.072418218,8.667216956
Poultry,1,22.54432806,8.139716731,12.2920838,1.265599311,28532.08605,9.712460881,6.431511666
Rice,1,3.121588162,0.53252944,5.220630746,2.818831497,8799.23103,1.852054921,0.188918508
RootTuber,1,17.94042495,0.128637038,1.562443912,0.717225695,12867.33376,2.178455014,0.179353639
SheepGoat,1,0.152848828,20.76101633,13.31192991,2.44368399,373.5142339,5.447484192,8.49578604
Soybean,1,4.443190505,97.62707894,0.045346203,8.63448632,38364.66763,0.005251755,11.30664585
SugarCrop,1,61.55233508,0.001740244,7.10E-04,0.618221157,38052.95583,0.001148083,0.002814921
Vegetables,1,37.3353723,0.26543049,1.060244266,0.23794848,8883.895098,4.455772379,1.115495629
Wheat,1,20.21464235,1.720396374,11.29180297,3.51176456,70989.06459,3.215421416,0.489895135
