GCAM_commodity,year,GCAM_region_ID,element,Mt,fatperc,proteinperc,Kcalperg,MKcal,gProteinPerKcal,gFatPerKcal
Beef,2015,2,Food,2.1430273273906337,12.777306298076772,11.835790099671692,1.6331281885929547,3499.8383372866665,7.2473123557245005,7.8238232536328
Corn,2015,2,Food,10.922899753793867,2.7164409312357725,8.590795719416915,3.52631084862846,38517.53990028445,2.4361992144731826,0.7703350747686687
Dairy,2015,2,Food,15.805331469070543,4.092589934159846,3.54435549078164,0.7023215880498006,11100.42549701111,5.0466275721689975,5.827230721362429
FiberCrop,2015,2,Food,0.029484147994675157,84.66093123566522,3.0764694837892295,7.620411663941502,224.68134528,0.4037143424083718,11.10975823475081
Fruits,2015,2,Food,15.458610946795726,0.4090578811632479,0.7206801492248983,0.6621803428991232,10236.388297493333,1.08834422065393,0.6177439205947012
Legumes,2015,2,Food,5.308820172260385,1.95705561606169,22.74998056998949,3.4128091741155613,18117.99018762,6.666057024968356,0.5734441969111462
MiscCrop,2015,2,Food,0.8394673373675776,5.63016029807894,8.607019416979309,1.4605667323736047,1226.098065873333,5.892931302763428,3.854777856626394
NutsSeeds,2015,2,Food,1.029213332977607,40.75978127174649,11.151875727473,4.262202957271099,4386.716111480001,2.61645816477333,9.563078455053953
OilCrop,2015,2,Food,0.8146845043340359,62.596452692136026,5.863798693422114,5.908031051667435,4813.1813489177775,0.9925131811497778,10.595146190788775
OilPalm,2015,2,Food,2.1523117962022855,26.928584832717778,0,2.3804900714108532,5123.55686144,0,11.31220212011131
OtherGrain,2015,2,Food,13.433550610219722,2.1953777945813235,9.403273812865656,3.343340717312897,44912.936733231116,2.8125382986461624,0.6566419579114234
OtherMeat_Fish,2015,2,Food,2.2317099555678506,7.92297360870539,11.966985307347159,1.3392276641639071,2988.7677108864696,8.935736340854536,5.916076721467503
Pork,2015,2,Food,0.24298458889981528,28.069774830455373,9.93795993553771,2.9656881577392955,720.6165178133333,3.3509794040899044,9.464843684661906
Poultry,2015,2,Food,0.687168416145982,9.212039577300533,11.178104343292578,1.3165342707760899,904.6807696511111,8.490553258976803,6.997189349176673
Rice,2015,2,Food,5.412148702679884,0.8180769355896896,5.514803371122971,2.6521780397479184,14353.981937097775,2.0793488553457506,0.3084547580627149
RootTuber,2015,2,Food,25.042053443909726,0.18340459937006587,1.1129242170109783,0.9316336859300398,23330.020553206665,1.1945942206887443,0.19686342619414307
SheepGoat,2015,2,Food,0.845977896692864,12.48980492611532,12.997439746132166,1.6915439336112277,1431.00877912,7.683773083199981,7.383671613808576
Soybean,2015,2,Food,0.128732115211249,54.41769369161802,19.990294898270413,5.81700204312781,748.8349772,3.4365287737670456,9.354938039931914
SugarCrop,2015,2,Food,23.67218415231977,0.010730214660491177,0.0126180923757982,0.5504513481112516,13030.385679382221,0.022923174625867137,0.019493484205842106
Vegetables,2015,2,Food,9.88776422934456,0.5251430794847124,1.4403192205918312,0.3266686805578068,3230.022894466667,4.4091132891356395,1.6075709449341713
Wheat,2015,2,Food,7.766811425514942,1.5380337130245092,10.702830202058987,3.5919314970320553,27897.854590815557,2.9796866145422127,0.4281912709903731
Beef,2015,3,Food,1.900543839686123,9.769839933980938,12.389030607616608,1.3977930393011795,2656.5669499999995,8.86327965534186,6.9894753080651535
Corn,2015,3,Food,7.244899010009442,4.542453470659426,9.246877725480871,3.69439085086227,26765.488618,2.502950580695232,1.2295541143404518
Dairy,2015,3,Food,12.444820932606945,5.576986999297658,4.533312169890992,0.8694973475792125,10820.738792,5.213715927382977,6.414035666497058
FiberCrop,2015,3,Food,9.454810795205607e-4,60.70983464746506,0,5.372316918891387,5.079424,0,11.300493914270593
Fruits,2015,3,Food,19.145320422935736,0.2881416707382424,0.6977932115267196,0.5905208061583029,11305.710050311032,1.1816572832823433,0.48794499318792717
Legumes,2015,3,Food,1.0863126207699616,2.777042305594993,25.01926852611527,3.4884270232578585,3789.522302,7.172077374503783,0.7960729254417654
MiscCrop,2015,3,Food,0.6818686743401796,5.465424629861877,8.265144457565322,1.2276651905295963,837.1064359999999,6.732409227958857,4.451885312072891
NutsSeeds,2015,3,Food,0.5455617970149689,33.66839828316017,10.075430245345395,3.621202145768639,1975.58955,2.78234405033657,9.297574928950478
OilCrop,2015,3,Food,1.9959463720905237,37.25169173182522,1.3001193720406221,3.3840098513897687,6754.302186000001,0.3841949134712714,11.00815108931389
OilPalm,2015,3,Food,0.1953491818938571,27.088211727834217,0,2.394597916740545,467.78274400000004,0,11.312217194570135
OtherGrain,2015,3,Food,2.07358254931053,1.4975116756284677,8.638676840594089,3.121965760350517,6473.6537202078125,2.76706328759486,0.4796694744853112
OtherMeat_Fish,2015,3,Food,4.008725809920573,4.146172968526223,11.934032860855893,0.9023262421810955,3617.178495999999,13.225851474749364,4.594982141386167
Pork,2015,3,Food,0.0019944180359568976,28.28636743155003,11.227625487647336,3.031282254273926,6.045644,3.7039195118887585,9.331485839587504
Poultry,2015,3,Food,3.789413137988319,8.6603185716898885,11.878694509293569,1.2996989181851466,4925.0961560000005,9.13957405295109,6.663326752462678
Rice,2015,3,Food,4.990128966628869,0.5715639497235839,5.411008454022075,2.8139973299099634,14042.209588000002,1.9228904009639574,0.20311460272134363
RootTuber,2015,3,Food,7.878921302930989,0.12647176254709983,1.524118399751031,0.7321738212887096,5768.739918,2.081634654826102,0.17273461419925543
SheepGoat,2015,3,Food,0.7599734133094442,14.512059095118913,12.7044750508014,1.8707129579822797,1421.692112,6.791247687996046,7.757501776633537
Soybean,2015,3,Food,1.1601210520214693,94.386135647745,1.0792784884598448,8.393820737096487,9737.848144000001,0.12858012128969754,11.24471663191537
SugarCrop,2015,3,Food,36.55037794970775,0.017642133028753018,0.024202662245351017,0.3910960986961366,14294.710221999998,0.06188418224073198,0.04510945797610764
Vegetables,2015,3,Food,31.035328900804636,0.2525753073216569,1.1128852845309267,0.2618735556648483,8127.33193048174,4.2497047161005534,0.9644933665807344
Wheat,2015,3,Food,24.51920945802555,1.2867960745304061,10.575562700521814,3.4991237650982914,85795.748516,3.0223459958766976,0.367748088068631
Beef,2015,4,Food,1.3649438726115037,9.178390081271445,9.8214867227902,1.2444071614096672,1698.5459299999998,7.892502572602039,7.375713002868084
Corn,2015,4,Food,10.767993491473907,3.041392845868678,8.873262002778244,3.5201289083256735,37904.72517400001,2.520720755933553,0.8640004173356528
Dairy,2015,4,Food,3.8913880844427027,4.059361924496138,3.450890531513817,0.7062571767096304,2748.3207620000003,4.886167029963664,5.747710690046692
FiberCrop,2015,4,Food,0.07234707772154068,70.54499173614049,3.317342006870613e-4,6.236224021881501,451.172584,5.319472160125758e-5,11.312132387902366
Fruits,2015,4,Food,10.063764393565975,0.30698061900301776,0.633839876984106,0.518140836974853,5214.447305999998,1.2232965088888916,0.5924655944806692
Legumes,2015,4,Food,1.9598436933402368,1.844346356252435,21.61551624028246,3.3964662766830136,6656.543012,6.364119199025923,0.5430191870044481
MiscCrop,2015,4,Food,0.12540803764076872,8.275788502501886,8.127109218352183,1.546574092448347,193.95282200000003,5.254911004933709,5.351045606486702
NutsSeeds,2015,4,Food,1.0421935079794922,35.10303294171717,13.044084192722563,3.961387932653712,4128.532786,3.292806565395983,8.86129647954015
OilCrop,2015,4,Food,0.9983936489602059,48.53767738922069,1.1288542996959787,4.382680845933952,4375.640722,0.2575716415087075,11.074882953033574
OilPalm,2015,4,Food,1.8917798798605432,27.04831600374779,0,2.3910553263382037,4523.350357999999,0,11.31229198496678
OtherGrain,2015,4,Food,1.7718724154063725,1.4317222022082123,5.678714892994326,2.3646050999891486,4189.77855,2.401548949133361,0.6054804678442005
OtherMeat_Fish,2015,4,Food,2.189179204923429,4.645376474638696,11.747126131446333,0.9976169492490645,2183.962279775204,11.775186999668298,4.65647308632377
Pork,2015,4,Food,0.635699147072361,29.08627698127232,9.695967913207259,3.0552861254333514,1942.242784,3.1735056931311187,9.519984638802633
Poultry,2015,4,Food,1.0474550539008294,7.9081086212722305,11.828603934268495,1.2249558596539833,1283.086206,9.656351158326434,6.455831497068029
Rice,2015,4,Food,3.450370556689377,0.4952786142828655,5.101905432502446,2.6617338848416314,9183.968225999999,1.916760147044527,0.18607367817776183
RootTuber,2015,4,Food,25.08636372467469,0.18090963286612824,0.8956788136598062,0.889056613496471,22303.197578,1.007448569711766,0.20348494136346282
SheepGoat,2015,4,Food,0.22291205361205776,8.488045470299909,12.551188675747074,1.3629204391465273,303.811394,9.209039878811076,6.227836362638451
Soybean,2015,4,Food,0.36836237233148145,70.144710315125,12.539980167310109,6.788845191141357,2500.75512,1.8471448109721673,10.332347894256829
SugarCrop,2015,4,Food,13.48693552129518,0.007081871488846106,0.0072454985466493095,0.5395174239923427,7276.43671,0.013429591380077734,0.013126307277420975
Vegetables,2015,4,Food,6.063048923513592,0.2290889870766108,1.2963340567211883,0.2506933803725875,1519.96623,5.170994362892792,0.9138214448906962
Wheat,2015,4,Food,2.7592736248735537,1.6904948739872032,10.501611268777634,3.557335771094399,9815.662768,2.952100095276319,0.47521375061739807
Beef,2015,5,Food,2.393031565519913,10.056924235433046,10.1614182849364,1.3288072332116536,3179.8776535666675,7.647022104460413,7.568384626509006
Corn,2015,5,Food,13.453439545121324,3.4270079000490576,8.995127903867113,3.4014031136442235,45760.571158,2.644534506299619,1.0075277129905962
Dairy,2015,5,Food,6.587255812726761,3.909065397116912,3.5894270103410744,0.7001685128257995,4612.189106,5.126518751685305,5.58303512013183
FiberCrop,2015,5,Food,0.29739644312838304,65.18228596174467,0,5.762124200188369,1713.6352419999998,0,11.31219732466263
Fruits,2015,5,Food,30.63799404264889,0.31331576114562654,0.6354868513634939,0.6106344160736216,18708.6136019,1.040699368780544,0.51309875909099
Legumes,2015,5,Food,4.860315622018165,1.9104108392302293,22.402835774216644,3.3924812603170853,16488.529666923005,6.603672667634048,0.5631308451359489
MiscCrop,2015,5,Food,0.622541864034102,9.065209401354023,9.583532587500393,2.5051445815040223,1559.5573774444445,3.825540712602981,3.618637210915592
NutsSeeds,2015,5,Food,5.040016851458501,39.35773964172361,11.503691663985933,4.380259210342392,22076.580233881963,2.6262581987897295,8.985253555039527
OilCrop,2015,5,Food,1.9582998310008275,35.83648735094375,8.44177419045271,3.69914050441512,7244.026224644446,2.2820907127958523,9.68778755718281
OilPalm,2015,5,Food,11.323006471849968,24.711814606689657,0.005094142697439949,2.185419426576586,24745.51831083333,0.002330967975982449,11.307584396007773
OtherGrain,2015,5,Food,17.525082116215607,2.6639359717045497,8.663044948998081,3.1297959941368365,54849.93180425072,2.767926396872795,0.8511532306562473
OtherMeat_Fish,2015,5,Food,7.494794943294099,4.3760948725349555,11.995625233375335,0.9180442121281874,6880.553118778754,13.066500583416754,4.766758305017142
Pork,2015,5,Food,0.6404012800240488,27.29767198541124,11.129016861904525,2.9378387598829936,1881.3957023333335,3.7881646242381812,9.291752957367352
Poultry,2015,5,Food,2.3019422294443594,7.910540691592118,11.296090689289288,1.2192685710592448,2806.6858127555565,9.264645179425695,6.487939474007603
Rice,2015,5,Food,21.332257411997613,0.7278734573455515,5.166013829610675,2.638638500505935,56288.115710000005,1.9578331130316404,0.27585190514198454
RootTuber,2015,5,Food,108.41096687911788,0.1933963482177283,1.0300232001704983,1.0217959071174985,110773.88224373334,1.0080517968370113,0.18927101475998498
SheepGoat,2015,5,Food,1.3885396964352534,9.99072351152786,11.955682617445323,1.4283018266539544,1983.2537847999997,8.370557535064973,6.9948265311211335
Soybean,2015,5,Food,0.41285298997455755,51.609854538785996,19.459498626223713,5.608652019554704,2315.548756,3.4695500020999144,9.201828596041787
SugarCrop,2015,5,Food,28.167105141629143,0.007685035147928183,0.00832700399978532,0.5666866472695954,15961.922376,0.014694194825140873,0.013561348560013108
Vegetables,2015,5,Food,26.020794414869023,0.46838991069287766,1.4521557409478314,0.3048059590935407,7931.293197999999,4.7641973446529144,1.5366822620063518
Wheat,2015,5,Food,7.490518023506977,1.6786406765774358,10.321451132459451,3.5395818664069876,26513.301766000004,2.9160085914149816,0.4742482982266535
Beef,2015,31,Food,2.4623301629888394,14.527101063202261,13.353977055319286,2.1044506646136094,5181.852348,6.345588081425117,6.903037123880274
Corn,2015,31,Food,0.5406843494149403,5.684104145813358,6.175017627496024,3.0662912617943596,1657.8956959999996,2.013839228006824,1.8537391462567987
Dairy,2015,31,Food,3.651988668242191,7.673727154666245,6.074225980787289,1.1141685989837684,4068.931098,5.451801447579461,6.8874021056287535
FiberCrop,2015,31,Food,0.0033858593080441776,95.79252133407552,0,8.468058885932276,28.671656000000006,0,11.312217194570135
Fruits,2015,31,Food,3.353907145971715,0.2670509852182212,0.5234445952517017,0.3966288081641538,1330.256194,1.319734180869339,0.6733020388869386
Legumes,2015,31,Food,0.09554671405468021,1.8179955691321237,22.66193155968824,3.4081151949782753,325.634208,6.649403046317129,0.5334313733910371
MiscCrop,2015,31,Food,0.32320407750968344,2.64422816213007,9.52364054775036,0.7148956899935068,231.05720200000002,13.321720470628183,3.6987608110409598
NutsSeeds,2015,31,Food,0.026192913785630774,36.16921990286647,7.5662517143379935,3.6379803629283494,95.28930600000001,2.0797945451930997,9.942115210801326
OilCrop,2015,31,Food,0.624699296703686,74.11621976737939,0.14002769668798912,6.559676595800178,4097.825355999999,0.021346737852540112,11.298761255216787
OilPalm,2015,31,Food,0,27.202579010060656,5.532577415701371e-4,2.4034171926932197,0,2.3019629852533756e-4,11.318292593046657
OtherGrain,2015,31,Food,0.4571956353993178,0.38607714696828394,3.262482815538386,2.1678530092141797,991.132934,1.5049372820350935,0.17809193950296112
OtherMeat_Fish,2015,31,Food,0.6226663805672954,6.2369769366929955,12.79071364910555,1.1299531241095477,703.583822,11.319685194184661,5.519677589818609
Pork,2015,31,Food,0.5227457274271147,42.09221675746232,10.770231822132734,3.8600442359069125,2017.821632,2.790183522236833,10.904594399699361
Poultry,2015,31,Food,2.4267709735572955,8.242365228667197,11.203410833160055,1.2728876427395053,3089.0067840000006,8.801570898314406,6.475328184448394
Rice,2015,31,Food,0.5409245496919226,0.8012158108978786,5.523480939446139,2.7280908896452623,1475.6913359999999,2.024668958212153,0.29369102544895853
RootTuber,2015,31,Food,2.1136332552245145,0.13372962728628168,1.4569290453525694,0.699569688518615,1478.633758,2.08260745035668,0.19115983651244667
SheepGoat,2015,31,Food,0.06992090134612962,16.02215378232666,11.231615679611826,1.9093902599896915,133.506288,5.882304898566134,8.391240972609321
Soybean,2015,31,Food,0.11712201371949467,96.15456618460806,0.020435734015940767,8.501981142373895,995.7691520000003,0.002403643771225158,11.309665897207589
SugarCrop,2015,31,Food,11.76978943327288,0.0010821010779886015,3.854780822160407e-4,0.5275948052601012,6209.679764000001,7.306328234714181e-4,0.002051007832526198
Vegetables,2015,31,Food,3.0312445013121554,0.22786180431921838,1.2058910888340257,0.29456097969447537,892.88635,4.093858901762211,0.7735641175404878
Wheat,2015,31,Food,3.912241623618418,1.2526619736964006,9.487191661576153,3.563073482947945,13939.604388,2.662642717580674,0.35156781910094037
Beef,2015,6,Food,0.9576907370413956,8.38832133383396,12.660206930459855,1.2907455947823046,1236.1350999999997,9.80844481022235,6.4988184873477906
Corn,2015,6,Food,0.1191392253223286,6.50474817906855,6.5329131405179774,3.2874673050823966,391.666308,1.9872176767866707,1.9786503029284168
Dairy,2015,6,Food,4.31799193770819,7.716691514807876,4.5266394438184285,1.037290561588513,4479.012282000001,4.363906904624973,7.439276708534288
FiberCrop,2015,6,Food,0.08631913688571995,73.5572693272655,0,6.502462608530271,561.2869600000001,0,11.312217194570135
Fruits,2015,6,Food,3.1904770565785734,0.39502232029054096,0.3787386048805363,0.3489978709309606,1113.4697,1.0852175225890106,1.1318760175722822
Legumes,2015,6,Food,0.0351338866940394,2.286261852977646,22.05889444387833,3.434529491451678,120.66837000000001,6.422683077487467,0.6656695942393286
MiscCrop,2015,6,Food,0.2480966424199969,10.405530815175212,7.10167650801526,1.6595356470121032,411.725222,4.279315434291161,6.270146009764695
NutsSeeds,2015,6,Food,0.25341556416334415,26.937957342900937,10.306528525147366,3.0429118690711445,771.1212280000002,3.3870611337466885,8.852690614113582
OilCrop,2015,6,Food,0.48034897763360745,66.4688121671714,0.5726413538723993,5.930116362551624,2848.5253319999997,0.09656494390035913,11.208685985812771
OilPalm,2015,6,Food,0.30631792284542536,26.889709630723978,0,2.377050331356,728.13312,0,11.312217194570133
OtherGrain,2015,6,Food,0.5787249517371716,0.4017173484932363,3.2747240528667496,2.2199363275137687,1284.732544,1.4751432337405357,0.18095895072051105
OtherMeat_Fish,2015,6,Food,1.1786371698450406,6.372784794012127,11.112778767537089,1.1159922168184577,1315.349908,9.957756514842112,5.7104204652789345
Pork,2015,6,Food,0.5455097101232873,19.709148302995516,11.212478612113099,2.15104877186293,1173.4179920000001,5.2125636381561256,9.16257620970922
Poultry,2015,6,Food,1.5352692027914092,8.516096669309361,12.365675018241431,1.2984373674503011,1993.450902,9.523505198039318,6.558727346265566
Rice,2015,6,Food,0.34421301634279816,0.4755912799800235,5.1122268366472445,2.646026102316094,910.7966260000001,1.9320394580281954,0.1797379396838654
RootTuber,2015,6,Food,1.6156110670237727,0.10651447072366728,1.3685076748578535,0.6543995380940549,1057.255136,2.091241810536183,0.16276672662986855
SheepGoat,2015,6,Food,0.3696246308745722,16.904019292913603,11.288705783540628,2.274031359899354,840.538002,4.964182105228423,7.433503156993295
Soybean,2015,6,Food,0.04696675030933661,45.0038181604914,3.80053008201794,4.299790099802893,201.94716800000003,0.8838873511970179,10.466515135832893
SugarCrop,2015,6,Food,6.244041404309252,0.005537968979914349,0.0021027801111465913,0.6357250359135193,3969.4934460000004,0.003307688060648665,0.008711264567324207
Vegetables,2015,6,Food,3.0343383225038436,0.27172077601618094,1.1974795263654772,0.27837782614266476,844.692506,4.301634016467194,0.976086277349288
Wheat,2015,6,Food,1.9180736222178951,2.2645593983737187,10.273240004785688,3.3807378292924324,6484.504053999999,3.03875678136681,0.6698417661234847
Beef,2015,7,Food,10.804011328900952,7.2675135626527085,9.809129051123854,1.0727444393728713,11589.943076000003,9.143957023779393,6.774692364661719
Corn,2015,7,Food,5.03638424171615,2.8985213476918648,7.886665398215269,3.5945788020000564,18103.680034,2.194044374219048,0.8063591055728424
Dairy,2015,7,Food,30.251445152511725,3.6142110160264487,3.298223550825028,0.6553804869171304,19826.206853999996,5.032532424545732,5.514675960261612
FiberCrop,2015,7,Food,0.3739518738919407,74.65490066795908,0,6.5994932190475835,2467.892856,0,11.312217194570135
Fruits,2015,7,Food,20.379217899922804,0.2949651045802371,0.5684207777763757,0.4334139120233665,8832.636553982156,1.3114963825751182,0.6805621517851388
Legumes,2015,7,Food,2.9734264,1.6106692986901285,22.00779601967714,3.3716782819981685,10025.437216,6.5272526555038315,0.4777055116111471
MiscCrop,2015,7,Food,1.1495971581059141,1.8204134061518285,8.475733647930483,0.6703368276150539,770.617312,12.643992242057957,2.7156696919495746
NutsSeeds,2015,7,Food,0.2882868920608882,27.484538030578022,12.083590666612535,3.2078968051196615,924.7946,3.7668264912161944,8.567774994106392
OilCrop,2015,7,Food,2.9636219628520264,20.893288976652496,6.846775986748603,2.3787777592306893,7049.798012000001,2.878274761137371,8.783203431080299
OilPalm,2015,7,Food,1.7149737407827945,31.741757150842865,0,2.8059713321345088,4812.167152,0,11.312217194570138
OtherGrain,2015,7,Food,2.4343787904909258,0.7241243573265591,4.61610801060136,2.9783893650083235,7250.527899999999,1.5498672083757121,0.243126155980125
OtherMeat_Fish,2015,7,Food,2.5204165603689708,4.739623379125913,11.962738024468031,0.961970734569789,2424.56697,12.435656922367796,4.926993315701605
Pork,2015,7,Food,2.856135172024624,41.26712938584984,8.908776832857521,4.100644130122784,11711.993928000002,2.1725310829620246,10.06357247211652
Poultry,2015,7,Food,11.428610972511859,8.078228937958128,11.374621271757343,1.2592577238489135,14391.566640000001,9.032798494172331,6.415071978488304
Rice,2015,7,Food,8.280201241517059,0.6501391023322901,5.46938552926658,2.788335531295605,23087.979327999998,1.9615234493408404,0.2331638696402516
RootTuber,2015,7,Food,11.822543650032575,0.15659414491187956,0.8871978134865498,0.7859122463865379,9291.481838,1.1288764331713903,0.19925143758971448
SheepGoat,2015,7,Food,0.13398901985120631,15.724261855635365,11.953303429676476,1.9016555855319663,254.800968,6.285735188126969,8.268722251951152
Soybean,2015,7,Food,2.664075141277562,95.81561572530931,0,8.470100430117343,22564.984,0,11.312217194570136
SugarCrop,2015,7,Food,54.272859314497524,0.014339744968165508,0.019919210280983334,0.5785294654562775,31398.448288,0.03443076190643696,0.024786542128594897
Vegetables,2015,7,Food,10.692580255478237,0.20901020144643406,1.0739183149834441,0.2652091295313983,2835.7699019999995,4.049326344387032,0.788095801286091
Wheat,2015,7,Food,7.951630835243631,1.2517252467287738,9.378895947583008,3.5286456956273313,28058.48792,2.6579307634102394,0.3547324822891404
Beef,2015,8,Food,1.1062264637579697,5.951738775161195,12.566499904845067,1.0745266126863584,1188.66977496586,11.694917330552034,5.538940315569865
Corn,2015,8,Food,0.527204071821477,10.509295905326764,6.830171924556458,3.8871954552998096,2049.3452719999996,1.7570950581464044,2.7035676559557538
Dairy,2015,8,Food,2.815742555068254,11.032374315009442,6.324223420655797,1.3617390812588175,3834.3066799999997,4.64422554048281,8.101680025817357
FiberCrop,2015,8,Food,9.48035911462574e-4,67.69785745878221,0,5.984490599356347,5.6735120000000006,0,11.312217194570136
Fruits,2015,8,Food,5.159000667430598,0.31765703360094427,0.3741378048622303,0.332018443186806,1712.88337,1.1268585000012374,0.9567451450949023
Legumes,2015,8,Food,0.32948959999999994,2.047160505256112,23.626026374138185,3.4592431324084285,1139.7846359999999,6.829825331672781,0.5917943396568421
MiscCrop,2015,8,Food,0.34897995500885987,2.8899969690492373,6.011601198289422,0.953141225522696,332.627182,6.3071463465371584,3.032076350977667
NutsSeeds,2015,8,Food,0.3263899121169255,32.07737801291219,13.157832877741745,3.6192883178840805,1181.2991960000002,3.635475187960189,8.862896568479343
OilCrop,2015,8,Food,0.7624548131116519,77.90026833201019,1.694937840495429,7.028126482841543,5358.628864,0.24116495977035238,11.084073191083823
OilPalm,2015,8,Food,0,27.202579010060656,5.532577415701371e-4,2.4034171926932197,0,2.3019629852533756e-4,11.318292593046657
OtherGrain,2015,8,Food,0.5409376255414612,0.7851514226367491,4.561900606754218,2.4387765570559035,1319.2260000000003,1.8705693203240212,0.3219447966092415
OtherMeat_Fish,2015,8,Food,0.8767375878030809,1.993844155080865,8.910903883951567,0.6908952877426427,605.733868,12.897618556736868,2.885884721540565
Pork,2015,8,Food,0.9571810770465172,29.794765884314035,9.448214557871646,3.0861471385486245,2954.0016419999997,3.061491929485585,9.654356887962942
Poultry,2015,8,Food,1.8464554294113433,8.49497311794321,12.451118620853102,1.3068972375733507,2413.1275,9.527236161255006,6.500107945531122
Rice,2015,8,Food,0.5166008718465982,0.6411338135914902,5.056382823831827,2.6878082629568514,1388.524092,1.8812289899984578,0.2385340585589913
RootTuber,2015,8,Food,2.9574515168927364,0.11543307297020823,1.5150827420774766,0.6829435933144514,2019.7725660000003,2.218459557874319,0.1690228506427452
SheepGoat,2015,8,Food,0.03533638822516989,20.8479896873845,13.367105765311143,2.4539441735653815,86.71352400000002,5.447192283062342,8.495706590217196
Soybean,2015,8,Food,0.06779704591907702,42.596156687112426,16.3604706484146,4.584049493409418,310.78501400000005,3.56899956510862,9.292254969836996
SugarCrop,2015,8,Food,7.400023547262563,0.009601596987004262,0.0034203876773152113,0.6169329901239051,4565.318654000001,0.005544180214172465,0.015563435803742432
Vegetables,2015,8,Food,3.841073852393373,0.27858396057794227,1.1849438087052753,0.28040217277491114,1077.045454,4.225872420954713,0.9935156986161144
Wheat,2015,8,Food,2.1429089922836546,1.5445691681028935,11.138215748221038,3.4812992744269162,7460.107520000001,3.199442182417536,0.4436760664183797
Beef,2015,9,Food,0.8228384280418531,13.690528277461189,12.878460813654929,1.7565769372740585,1445.379005801159,7.3315666056963895,7.793867713364617
Corn,2015,9,Food,4.099475807691275,2.5798814273177064,8.404181265436693,3.261668405241864,13371.130720000001,2.5766510329284973,0.7909698678049399
Dairy,2015,9,Food,5.461450531572851,4.292979541933511,4.048710635316456,0.7475412834736835,4082.6597400000005,5.416036177296939,5.7427992765628195
FiberCrop,2015,9,Food,0.0016151526539608663,69.77669297213569,0,6.166388034948747,9.959658,0,11.315650681836413
Fruits,2015,9,Food,9.915517759633428,0.9331830901990027,0.5991565374216056,0.5071721763764148,5028.874722052277,1.181367128028178,1.8399729592153529
Legumes,2015,9,Food,1.1286901362832822,1.6594702837860051,21.769856993952562,3.3769102532879596,3811.485294,6.446679171516667,0.4914167565366141
MiscCrop,2015,9,Food,0.2541809282459347,7.239199424851879,7.5393665237751,1.3832863874814472,351.6050179999999,5.450329441542501,5.233333813132006
NutsSeeds,2015,9,Food,0.15082006164933948,33.01451354742388,13.49644075886908,3.7805418883354753,570.1815606666667,3.5699751933740353,8.732746395242232
OilCrop,2015,9,Food,0.6867652830321018,25.61346118417866,2.267994267703831,2.5075928421959874,1722.127708,0.9044507663044964,10.214362057975908
OilPalm,2015,9,Food,1.2205074952045556,28.915250634774097,0,2.5560032070734278,3119.6210720000004,0,11.31268167221178
OtherGrain,2015,9,Food,0.519615664264949,1.6083533911574424,7.159481084570666,3.457570873159667,1796.607986,2.0706679189566533,0.4651685967286231
OtherMeat_Fish,2015,9,Food,0.8867636867671237,9.536256012682083,13.084630501004563,1.4437027163843033,1280.223143376656,9.063244359458231,6.60541530084896
Pork,2015,9,Food,0.6592397635450744,31.574584877838102,10.955005758702253,3.255575204473019,2146.204628,3.3649985242701663,9.69861941277105
Poultry,2015,9,Food,2.7492765550911002,8.56922208970956,10.782425997229254,1.2662320971506067,3481.222217999999,8.51536303770286,6.767497134998253
Rice,2015,9,Food,4.033737965112705,0.4725805828808413,5.141558086907692,2.6153834089481403,10549.77135,1.9658907635938292,0.1806926591581097
RootTuber,2015,9,Food,3.5410706258975297,0.17218440313685418,1.104219761626138,0.8484817811953306,3004.5339120000003,1.3014065665270114,0.2029323515871878
SheepGoat,2015,9,Food,0.04207288209354122,12.93832236554207,12.508064413180847,1.5651891366412762,65.852018,7.991407632704235,8.266299620061437
Soybean,2015,9,Food,0.48613401056457634,88.86563631308994,3.7302014887103425,8.0365865236681,3906.8580380000003,0.46415247042071095,11.057634488395879
SugarCrop,2015,9,Food,24.15638917299059,0.010978638292809565,0.010320225045883208,0.48215575749304207,11647.142119999999,0.021404338505762087,0.022769899813895714
Vegetables,2015,9,Food,4.789183449909182,0.2699630011598265,1.178839644988489,0.27277320813943196,1306.3609340000003,4.321684131037928,0.9896976429658408
Wheat,2015,9,Food,2.665339627936535,1.9990959855786294,9.851328709490414,3.5266102546477485,9399.614064,2.793427115034123,0.5668604810934252
Beef,2015,10,Food,2.257495329611145,14.567036475380585,12.046192047302275,1.8261623436935799,4122.552962,6.596451892079734,7.976857329079202
Corn,2015,10,Food,0.5918587808219928,6.275498862074751,7.445004264861277,3.5753447757606835,2116.099199999999,2.082317855143716,1.7552150227916377
Dairy,2015,10,Food,16.675874335028894,4.474753791740016,3.7049703568997785,0.7295456141957621,12165.810984,5.0784629292632655,6.133617562313638
FiberCrop,2015,10,Food,0.449524680009391,59.09299573817629,0,5.223821446134934,2348.2366640000005,0,11.312215845719372
Fruits,2015,10,Food,6.9367488636116,0.3012514647097002,0.5230133982310727,0.46858603386207215,3250.4636378969954,1.1161523400951836,0.642894672354604
Legumes,2015,10,Food,0.16101099755430234,1.7750160617008717,22.25693010479699,3.423013175321284,551.1427659999999,6.502145614063538,0.5185536750188725
MiscCrop,2015,10,Food,0.19394547870604745,29.88036878305152,9.027719092987082,3.6835623638475874,714.410266,2.4508120675761735,8.11181292227142
NutsSeeds,2015,10,Food,0.19980557450403902,31.928469207837924,9.984379418200273,3.462804347263162,691.8876119999999,2.8833218446463653,9.220408087183062
OilCrop,2015,10,Food,0.6524017254815284,84.48251875036257,1.1590626415318843,7.513565713490417,4901.863235999998,0.1542626611291649,11.24399811911891
OilPalm,2015,10,Food,0.012906278397972825,27.014758960628317,0,2.3882917328702193,30.823957999999994,0,11.311331270306042
OtherGrain,2015,10,Food,0.5721130223623401,1.0818843631772137,7.4725980651244726,3.3830129123930317,1935.4657419999996,2.2088588659387063,0.31979906408690717
OtherMeat_Fish,2015,10,Food,1.0138447684183158,12.071902090478632,11.806908714362574,1.6577916820758496,1680.743424,7.12207018651356,7.281917397101708
Pork,2015,10,Food,0.24520611952121407,27.590486421838722,11.352978390115487,2.975181049414569,729.5325999999999,3.8158949662406023,9.273548723116445
Poultry,2015,10,Food,1.2522808764349538,8.692486191040924,11.406822353981626,1.2929242779857302,1619.104348,8.822498384632794,6.7231208656574255
Rice,2015,10,Food,0.7000877694495572,0.5789301962514201,4.9737290092599356,2.6546919844939674,1858.51739,1.8735616178115742,0.21807810459102084
RootTuber,2015,10,Food,6.470148305404868,0.122524599459196,1.59000457440439,0.6674487440098597,4318.49236,2.3822122502651712,0.1835715484654295
SheepGoat,2015,10,Food,0.9156560977200245,14.837044305530203,11.704654450233864,1.859211472777778,1702.3983219999998,6.295493880933501,7.980288699145521
Soybean,2015,10,Food,0.0310630437646978,89.93312308153754,0.3848119431149073,7.985261389030308,248.04652399999998,0.04819027510402349,11.262389382153788
SugarCrop,2015,10,Food,11.13556765652007,2.592476494190824e-4,4.237690499183256e-4,0.5872061859523952,6538.8742120000015,7.216699347794007e-4,4.414933895810485e-4
Vegetables,2015,10,Food,19.40733864739348,0.19479705530683142,0.9464012302799181,0.24401585245878274,4735.698284,3.878441587887315,0.7982967227087634
Wheat,2015,10,Food,11.17491423413838,1.3060182957360598,10.14558119646316,3.4187550117645866,38204.294044,2.967624518735705,0.38201576048643504
Beef,2015,11,Food,7.237869326847803,18.426209181835286,13.499624355406487,2.2237596783209304,16095.281965999999,6.070630962064884,8.28606137680676
Corn,2015,11,Food,11.408982535935795,3.984128337106353,5.259044336879449,2.6359643497809317,30073.671232000004,1.9951120876564643,1.511450007826344
Dairy,2015,11,Food,40.44911331297012,4.1309881635034715,3.4722219677553414,0.702448016997425,28413.399436000003,4.9430304929853195,5.880845362993764
FiberCrop,2015,11,Food,1.1974637238928016,72.17008606602575,0,6.379835704053368,7639.62182,0,11.312217024675599
Fruits,2015,11,Food,133.40737430039252,0.2799878007354521,0.4762279676045914,0.43231840664320986,57674.463492,1.1015676415499465,0.6476425625951304
Legumes,2015,11,Food,1.881285857369044,1.8737241656982266,22.599462632216778,3.3629349262465262,6326.641915999999,6.720160552568504,0.5571693198921179
MiscCrop,2015,11,Food,1.990850941072533,3.172955142437602,9.733590558377266,0.9361557169096456,1863.7464899999998,10.39740545569591,3.3893454743959484
NutsSeeds,2015,11,Food,13.028535426792667,31.185781449162086,12.302059790947393,3.599962959884761,46902.244957999996,3.417273990880505,8.662806200139453
OilCrop,2015,11,Food,4.144373797486752,74.22275546580272,1.911880536903116,6.688930192255086,27721.427022,0.28582755118551334,11.096356716615619
OilPalm,2015,11,Food,10.890098459068671,29.107428249356232,0,2.573069742144129,28020.982834000002,0,11.312335523832761
OtherGrain,2015,11,Food,10.340730743799005,1.5123604611929904,7.251234452540666,4.013983541239645,41507.52301,1.8064933196764568,0.376772960241368
OtherMeat_Fish,2015,11,Food,77.22594502579756,1.7869072803991068,7.834845915313626,0.5981436229209335,46192.20654122339,13.098603103136798,2.987421769495839
Pork,2015,11,Food,53.0591544031819,37.24570273743794,11.093081480330493,3.837831552584796,203632.09692200003,2.8904555419737625,9.704882099985028
Poultry,2015,11,Food,46.73787731738979,11.661073336845295,11.540644576363391,1.5695741961029421,73358.566218,7.352723181240734,7.4294502074500794
Rice,2015,11,Food,162.03838671657732,0.8817424406824667,4.913295963722778,2.713061904553168,439620.174076,1.81097819975176,0.32499901281378485
RootTuber,2015,11,Food,98.51617728145438,0.1564268917425371,1.4535258129096535,0.811456194363004,79941.5623,1.791256044389034,0.19277305765757666
SheepGoat,2015,11,Food,4.958233534231754,13.366139736991453,13.427706769417567,1.992754369834443,9880.541542,6.738264872319981,6.70736942762389
Soybean,2015,11,Food,10.269108990827494,41.16702089882784,17.683984769554595,4.7671886224722195,48954.779544000005,3.7095206776995213,8.635492353872714
SugarCrop,2015,11,Food,74.67673604431386,0.02303474486561074,0.011018472835532055,0.49772562874124354,37168.5254,0.02213764411408341,0.046280005560224005
Vegetables,2015,11,Food,503.71030345634534,0.20448725799345566,1.316650788757581,0.259546986859145,130736.49151200001,5.072880269930167,0.7878621919985146
Wheat,2015,11,Food,87.82379666629501,1.9364949046779965,10.740710111593986,3.3657747539334446,295595.11761399993,3.1911553496091063,0.5753489304104183
Beef,2015,32,Food,1.0268155621803692,15.006989046411922,10.652794158895764,1.8025268959401297,1850.8626680000002,5.909922444369226,8.32552850124594
Corn,2015,32,Food,1.3901803966217146,2.769015500314818,7.6914454235799985,3.362361415366679,4674.288926,2.287512992633249,0.8235329752654937
Dairy,2015,32,Food,5.072167977276718,4.198955233400679,3.7239758313679943,0.6624606379467873,3360.1116340000003,5.621429588495982,6.338422229001874
FiberCrop,2015,32,Food,0.0058494478068224515,59.27397105682457,0,5.239819041423293,30.650048,0,11.312217194570135
Fruits,2015,32,Food,7.685325460658487,0.6485177001257431,0.6506302342503573,0.5582325583947891,4290.198893999998,1.1655182494572869,1.161733923206792
Legumes,2015,32,Food,0.30486892962087864,1.7692727190255946,22.424468357231675,3.4062310463867016,1038.454013153319,6.5833667921673555,0.5194224040974621
MiscCrop,2015,32,Food,0.10918763937496152,10.829928850426125,7.402680778158086,1.8508078859184622,202.08534399999996,3.9997024188626202,5.851460290840386
NutsSeeds,2015,32,Food,0.033614485074476244,31.736176052307275,14.975425311165965,3.6655805890526456,123.21660399999999,4.085417015762926,8.657885232993706
OilCrop,2015,32,Food,0.1702440052564215,30.934315933420102,2.042299263435139,2.95768409138158,503.52798599999994,0.6905062205210528,10.458965520881645
OilPalm,2015,32,Food,1.437737071378476,27.5593088533289,0,2.436242902634275,3502.6767360000003,0,11.312217194570135
OtherGrain,2015,32,Food,0.29461766987602056,0.4753388979218619,5.500977072267246,3.9942433680070994,1176.774674,1.3772263143324492,0.1190059929069943
OtherMeat_Fish,2015,32,Food,0.5304283161796952,5.980416705510725,12.852829804526515,1.111729385503295,589.692746,11.561113677595078,5.379381694406962
Pork,2015,32,Food,0.3835287282639886,28.424835780480564,11.020457074334256,3.0180055018024117,1157.4918119999998,3.651569577243191,9.4184174825078
Poultry,2015,32,Food,2.0655892871072736,8.675670208235498,10.572047781971806,1.2655342861798264,2614.074064,8.35382169999112,6.855341892335525
Rice,2015,32,Food,2.0223661391627656,0.42984579192595923,5.158127181500361,2.607717752920483,5273.7600840000005,1.9780235708882132,0.16483601089288075
RootTuber,2015,32,Food,3.7688398536859324,0.14985244662319572,1.169776670089896,0.7968912823564823,3003.3556240000003,1.4679250432138704,0.1880462867909258
SheepGoat,2015,32,Food,0.012668818681478674,7.208732187522471,9.612328688835607,1.051703109420844,13.323835999999998,9.139773955911343,6.854341422925148
Soybean,2015,32,Food,0.20466469049014552,88.52214303695382,4.367003080250458,8.028252895333278,1643.099894,0.5439543493689569,11.026327171184484
SugarCrop,2015,32,Food,18.538155807757143,0.02774004031569649,0.057336478004512394,0.5316101247717545,9855.071322,0.10785437547700896,0.05218117380214797
Vegetables,2015,32,Food,2.1341988994309142,0.20680464513637567,1.1000569450974966,0.28417797242877485,606.492316,3.87101412433791,0.7277293288036542
Wheat,2015,32,Food,1.1660944076157065,1.4005658286226006,9.327601138722839,3.548805394291697,4138.242123999999,2.628377750362535,0.39465839149011395
Beef,2015,12,Food,0.45066742496418055,11.062148761029643,13.489532466738375,1.5480939365774038,697.675508,8.713639494358878,7.145657314236591
Corn,2015,12,Food,0.8663312317086739,4.108605168370534,7.522775186399845,3.4101976332690724,2954.360716,2.2059645790054656,1.2047997242998367
Dairy,2015,12,Food,12.631423725010103,7.7620461945202335,5.466340974589664,1.0716633249502658,13536.633548,5.1008006407640645,7.242989485415541
FiberCrop,2015,12,Food,1.3421327127212924e-4,65.12023674826375,0,5.764094658205756,0.7736180000000002,0,11.2975654651262
Fruits,2015,12,Food,7.920718136919177,0.276465028755103,0.4753973729101178,0.4050528446934445,3208.3094133740724,1.173667532862069,0.6825406422323477
Legumes,2015,12,Food,0.2277605279943075,1.766139216661482,22.156113779198307,3.3982783198471718,773.9936644,6.519805529111199,0.5197158827005404
MiscCrop,2015,12,Food,0.4839300382800641,14.14678897429749,6.974351103944426,2.026572959772399,980.7195299999998,3.4414507853335334,6.98064627087805
NutsSeeds,2015,12,Food,0.24269980271479538,31.67052972336888,12.219649900166715,3.5670272753263528,865.716816,3.4257237068782214,8.87869009088844
OilCrop,2015,12,Food,1.1640284657908218,72.24481579697867,0.8147115498569246,6.446505890081225,7503.916360942744,0.1263803312598322,11.206817620090376
OilPalm,2015,12,Food,0.06961132292101839,27.00968644236909,0,2.387568502161265,166.20180200000001,0,11.312633090074481
OtherGrain,2015,12,Food,3.6993984468819883,0.7587513048908856,5.012078236144955,2.6595641956248874,9838.787654677653,1.88454869575627,0.2852915925620703
OtherMeat_Fish,2015,12,Food,1.491075055453493,7.135496294175153,11.688424817407467,1.2457680999923924,1857.533738778349,9.382504510653986,5.727788578162122
Pork,2015,12,Food,4.057700861898657,27.963010385339,11.6997628669656,3.0210017197433703,12258.321281999999,3.8728090720714574,9.256204722622408
Poultry,2015,12,Food,3.6370879164204553,9.277122368136185,12.196180037878182,1.358275515917838,4940.167466114528,8.979165047848753,6.830074060392147
Rice,2015,12,Food,0.3643043576648838,0.651380709208923,4.957636404838615,2.542903362281953,926.3907760000001,1.9495968578175644,0.25615629711716076
RootTuber,2015,12,Food,8.520205321348458,0.11676562746166148,1.5445431748333838,0.6539294192875394,5571.612918000001,2.3619417161506115,0.17855998524868086
SheepGoat,2015,12,Food,0.1125266207504875,16.93764059893013,12.015982899658322,2.0208748775094474,227.40222092569346,5.945931157532611,8.381340570577185
Soybean,2015,12,Food,0.12849977882550778,89.23114823016778,2.6154269750432357,8.014973235078875,1029.922288,0.3263176180796688,11.133056295139289
SugarCrop,2015,12,Food,18.934563049823456,0.004563887185246561,0.013573428257046197,0.6240120002193642,11815.394562,0.021751870560621615,0.007313781119020434
Vegetables,2015,12,Food,12.112467371494683,0.3130923914726744,1.1755973879404662,0.27043013122362475,3275.57614071518,4.3471390655368145,1.1577570519084328
Wheat,2015,12,Food,9.31080378347444,1.5109087514543236,10.479854401625772,3.3650104711269586,31330.952225999998,3.1143601161264787,0.449005661176535
Beef,2015,13,Food,6.508048059832348,9.993926725551393,14.76937659754011,1.526185503422196,9932.488604491076,9.677314169491483,6.548304058151393
Corn,2015,13,Food,2.7504164083143126,10.779612827931993,6.499702968162975,3.590479050425832,9875.312494000002,1.8102606579453813,3.002277043408324
Dairy,2015,13,Food,61.66016860296274,7.498023994809147,5.602158894081381,1.0366575158684967,63920.47721198003,5.404059497304636,7.232884419428928
FiberCrop,2015,13,Food,0.02893684387600374,64.07816996025736,0,5.664503865811258,163.912864,0,11.312229893072942
Fruits,2015,13,Food,50.82781546058741,0.2435135902465271,0.43812193468029775,0.3574826207918733,18170.060679976483,1.2255754803122938,0.6811900105999864
Legumes,2015,13,Food,1.185759980350508,2.119099104669452,22.221651869950193,3.4093278113543715,4042.6444785999997,6.517898277761251,0.6215592110597397
MiscCrop,2015,13,Food,3.5210062385412,12.397382275342304,6.703354344013398,1.724718945262653,6072.746166,3.8866357689325213,7.188059428114149
NutsSeeds,2015,13,Food,2.527181989923199,31.014231394190066,9.886713582409973,3.4259876876786066,8658.094382,2.885799507676879,9.052639478457905
OilCrop,2015,13,Food,8.74913286845089,55.157568629388486,0.5666901503156275,4.919937990568535,43045.19118402339,0.11518237656693359,11.211029231491315
OilPalm,2015,13,Food,1.048052775101112,27.08191865363049,0,2.394041608980935,2509.0819520000005,0,11.312217194570136
OtherGrain,2015,13,Food,7.704523464350444,0.7959792689400242,4.556572623745696,2.609554266587436,20105.372078418713,1.746111465121748,0.30502499186611726
OtherMeat_Fish,2015,13,Food,13.12616855024567,4.472263439700639,10.58864543745448,0.9289619931265221,12193.711698550887,11.398362382746411,4.814258788617124
Pork,2015,13,Food,14.489002897416743,24.4590374420836,10.721543810739398,2.6653419803570655,38618.147676,4.022577173869101,9.176697632926983
Poultry,2015,13,Food,14.444635067786,9.136071946191956,12.487758582966958,1.3753395342693964,19866.277666820188,9.079764139551669,6.6427756336148605
Rice,2015,13,Food,3.3096934546159473,0.5553467363001044,4.827414729990028,2.5453772572957396,8424.418448,1.8965419433026485,0.21817855671819592
RootTuber,2015,13,Food,27.027955628285753,0.1064467185123031,1.4474751432668502,0.6367470073594723,17209.96986135556,2.2732343089752214,0.1671727032589085
SheepGoat,2015,13,Food,0.9655173025258218,18.981470349785525,12.153816581968496,2.218147599976394,2141.6598873333337,5.479264131069474,8.557352247428227
Soybean,2015,13,Food,1.59358614420869,89.32848685254379,1.9313170795256092,7.994076379426475,12739.249354000001,0.2415935234864705,11.174334921597604
SugarCrop,2015,13,Food,81.63800223267489,0.006512629782736787,0.0023200064864250945,0.6163348329445197,50316.34446800001,0.0037641982286500644,0.010566707306843113
Vegetables,2015,13,Food,44.94466926348822,0.23265810016991367,1.2195075259363257,0.2655093019477326,11933.22776242047,4.593087763743941,0.8762709948885862
Wheat,2015,13,Food,35.318326451911744,1.6288698171891318,10.481425729893022,3.3016973764816653,116610.42578800001,3.174556761183902,0.49334316003390905
Beef,2015,14,Food,0.5544838749630613,17.831854234310832,13.99835738933535,2.201327146044264,1220.6004060000002,6.359053634753966,8.100501675252712
Corn,2015,14,Food,0.7299136204839877,3.591227479377892,7.759661442109783,3.4689498112407753,2532.033716,2.236890662691457,1.0352491891756084
Dairy,2015,14,Food,7.343699733901715,5.286643369595648,3.7408552778060606,0.8175797485676932,6004.060182,4.575523408400971,6.4662112519998765
FiberCrop,2015,14,Food,0,68.31374542248788,0.18650702357242493,6.049276272535766,0,0.030831295376470544,11.292879072598842
Fruits,2015,14,Food,4.065167501833591,0.2662361855559803,0.4685847838602589,0.4135965369533051,1681.339200893492,1.132951420028843,0.6437099002742332
Legumes,2015,14,Food,0.0811390436425474,1.866581646185981,22.35617807496422,3.439807267504509,279.10267200000004,6.49925310820773,0.5426413461647628
MiscCrop,2015,14,Food,0.14776744549912044,18.126009241656394,5.675510690917016,2.281545470730945,337.13814599999995,2.487572903422669,7.944618888463054
NutsSeeds,2015,14,Food,0.1288878295329126,31.66130395767301,10.729534755128881,3.4387630826448303,443.21470999999997,3.1201727182893197,9.207178045345765
OilCrop,2015,14,Food,0.48330498534704225,84.78282925637915,0.09181216287773915,7.503624808247995,3626.539278,0.012235708104277694,11.298916380145466
OilPalm,2015,14,Food,5.576096891515936e-4,27.65375189850381,0,2.4362955422581853,1.3585019999999999,0,11.350737797956869
OtherGrain,2015,14,Food,1.7323233598299375,1.280914130947728,6.276225122984269,2.738246318207978,4743.528062,2.2920600974610976,0.46778630630498264
OtherMeat_Fish,2015,14,Food,1.0426520791956704,7.469963054673082,11.506314985145535,1.2514630911268012,1304.840594,9.194290320448362,5.968983909822881
Pork,2015,14,Food,1.0050218800989783,26.798944093243776,12.659553625437074,2.9555114180275046,2970.353642,4.28337158442988,9.06744732224018
Poultry,2015,14,Food,2.3217992550569497,8.850160065812927,11.601165984002208,1.3117802223097188,3045.690342957145,8.843833583323462,6.746678990349463
Rice,2015,14,Food,0.21088994489406487,0.5217261408709284,4.9611940922521685,2.6644703533981247,561.9100060000001,1.8619813449697136,0.19580857419019373
RootTuber,2015,14,Food,7.683268683546456,0.1229701893433857,1.595188792383703,0.6684594416174104,5135.953493999999,2.3863658631613758,0.18396058412436503
SheepGoat,2015,14,Food,0.01895219913949048,13.186064462160783,12.509324795244629,1.71491539112615,32.501418,7.29442680377952,7.6890466610727435
Soybean,2015,14,Food,0.04764978821097084,83.22395098673928,3.4199468880832335,7.5273236139467015,358.67537599999997,0.45433769869369256,11.05624724736706
SugarCrop,2015,14,Food,10.287553819958827,0.0021566106418916507,7.68313463976509e-4,0.7123915743489477,7328.766662,0.0010784988082974845,0.003027282634360983
Vegetables,2015,14,Food,9.649507897144728,0.18966626016263077,1.0539130321745394,0.2545889150188603,2456.6577460000003,4.13966582989862,0.7449902528104181
Wheat,2015,14,Food,5.380303130580427,1.5493725143501496,9.93264343673836,3.373352025249554,18149.656462,2.944443201418791,0.45929760746968884
Beef,2015,15,Food,1.5207313120325767,12.758603954940668,11.35646741036528,1.6212504789584978,2465.486368,7.004758091211637,7.869606899445223
Corn,2015,15,Food,2.0801990066383347,5.3676067134499705,7.194704281503468,3.535649901057145,7354.855412,2.034902912574087,1.5181386346665935
Dairy,2015,15,Food,18.00064975280822,4.7362608665600066,3.72786452536936,0.7420033559575421,13356.542525999997,5.024053456683652,6.383072028627076
FiberCrop,2015,15,Food,0.22695610564936705,62.58135228114588,0,5.532191541653296,1255.5646480000003,0,11.312217194570136
Fruits,2015,15,Food,12.504346835326817,0.30195534378163075,0.5319949336130513,0.4449308889966203,5563.570153764036,1.1956799286576218,0.678656733549296
Legumes,2015,15,Food,1.0975996391698328,2.773419486811379,21.639871886024544,3.4702335205584376,3808.92706,6.2358546644844255,0.7992025523299867
MiscCrop,2015,15,Food,0.6572170532262466,12.837714315615658,8.950998506710144,1.9860100001858476,1305.2396400000002,4.50702589910047,6.464073350292458
NutsSeeds,2015,15,Food,0.7736099750596016,29.11844183658927,9.047027260865924,3.2636117260580613,2524.762586,2.7720905610893043,8.92215259679798
OilCrop,2015,15,Food,1.5598895276303066,53.70783354587314,2.40236795818643,4.8874381838960925,7623.86364,0.49153930296287607,10.988954033800006
OilPalm,2015,15,Food,1.7202977810171798,26.866627690859318,0,2.374976711057676,4085.6671659999993,0,11.312375218574033
OtherGrain,2015,15,Food,0.6926323978803021,0.6968438332991996,5.389230133551773,2.7218312336666037,1885.2284940000006,1.9800015764724295,0.2560202207542732
OtherMeat_Fish,2015,15,Food,1.0057590072119205,5.174903333843242,11.013171999852641,1.2997351092713816,1307.220293139262,8.473397326341761,3.981506152237621
Pork,2015,15,Food,0.5825749929287329,26.103245644849853,10.941413921954085,2.8160975151926833,1640.5879899999998,3.885310740457598,9.269297495567661
Poultry,2015,15,Food,2.767937475406329,8.512488039052792,11.852018606192674,1.286845676121032,3561.908372,9.21013205089089,6.6150030240705915
Rice,2015,15,Food,1.0871044370817402,0.48486097961180274,4.619196369480949,2.618450962854425,2846.52966,1.7640950451275481,0.18517092223229809
RootTuber,2015,15,Food,4.855631958263561,0.12081702522754346,1.655646817721557,0.6938797130754695,3369.2245099999996,2.3860718025365895,0.17411811146927544
SheepGoat,2015,15,Food,0.6213674620746452,12.253664520565698,9.200211764315153,1.6520383229797817,1026.52286,5.569006261138501,7.4173004040631225
Soybean,2015,15,Food,0.020329883159307345,71.34497541993538,8.631232138138168,6.723054379061998,136.67891,1.2838260188730468,10.611988450090365
SugarCrop,2015,15,Food,16.195469856593395,0.0037085491155142113,0.0013380414810109634,0.6594856476888044,10680.679928000001,0.002028916756111656,0.005623396246015331
Vegetables,2015,15,Food,22.351431449158515,0.248948381899041,1.014756293798041,0.23307433847362632,5209.545098951228,4.353788153786249,1.0681072121854844
Wheat,2015,15,Food,13.4149427345296,1.3963483455458745,10.561036278354589,3.2636213440783806,43781.293438,3.2359870110289823,0.4278524370112525
Beef,2015,16,Food,0.240421493238311,11.83621388797017,13.784677049055958,1.6493745657212764,396.545096,8.357517652776389,7.176183102347136
Corn,2015,16,Food,0.004646468154920041,8.743663901046164,6.811977279534815,3.538296497866113,16.440582000000003,1.925213809425808,2.471150709478225
Dairy,2015,16,Food,2.190500285370061,8.377522088425199,6.210492903034188,1.1576316924272803,2535.792552615384,5.364826260079535,7.2367767254708735
FiberCrop,2015,16,Food,2.6024685103659798e-5,67.62809974413464,0,6.003069753878789,0.156228,0,11.26558619453619
Fruits,2015,16,Food,1.6125895495016849,0.3278712044547627,0.4557956176958226,0.3897910352911804,628.57295,1.1693332489171684,0.8411460879541199
Legumes,2015,16,Food,0.045904557407119635,1.8416476911514896,22.4490629402897,3.4065575366106584,156.376516,6.589955607391651,0.5406184018203404
MiscCrop,2015,16,Food,0.15566336026509536,18.738197753342437,4.772764827403668,2.1917535727031483,341.17572600000005,2.1776010254279132,8.549409015098407
NutsSeeds,2015,16,Food,0.1081365907879753,33.90948800855684,8.500181070845125,3.5874657335982723,387.936314,2.3694110834946818,9.452212376826024
OilCrop,2015,16,Food,0.20618164510979967,61.371230073649215,0.7906612203926265,5.484606563294188,1130.8252040000002,0.14416006166862336,11.189723340298848
OilPalm,2015,16,Food,7.587975973720104e-6,28.993238877131304,0,2.531109753973563,0.019205999999999997,0,11.45475372279496
OtherGrain,2015,16,Food,0.27937488491904994,0.8247069247959032,4.569346315571321,2.5372186773531484,708.8351759999999,1.800927273772913,0.3250436914078867
OtherMeat_Fish,2015,16,Food,0.5440875559434957,6.760548133776514,9.728980493567196,1.0967010024062531,596.7013680000001,8.871133036462084,6.164440553025218
Pork,2015,16,Food,0.38054092858087973,33.01428825018521,9.652476868644039,3.846017692388468,1463.567144,2.5097328303369353,8.584018819134073
Poultry,2015,16,Food,0.40335254555950595,8.947627449811966,12.197735422757964,1.327672057349135,535.5199039999999,9.187310492255357,6.739335516088992
Rice,2015,16,Food,0.06374702395955924,0.5569567019410844,4.978491199455787,2.599952746110062,165.73924999999997,1.9148391088662637,0.21421800945204836
RootTuber,2015,16,Food,0.6199784477230941,0.11952527668141731,1.5850445995671856,0.6670619140372335,413.56401000000005,2.3761581439631,0.17918168338830653
SheepGoat,2015,16,Food,0.047646550719515075,19.26641962506135,12.223847363784289,2.249535682676399,107.18261600000001,5.433942416615011,8.564620589676093
Soybean,2015,16,Food,0.015929519504992728,70.68881368108408,5.09207395520948,6.5378133952727495,104.14422599999999,0.7788649885436267,10.812302127221395
SugarCrop,2015,16,Food,3.33738683464764,0.007048490524182373,0.002514344498488427,0.5965903332899719,1991.0527239999997,0.0042145243698850435,0.011814624091061939
Vegetables,2015,16,Food,1.332452868094754,0.25160784369478906,1.187579281912476,0.2538219205333643,338.205746,4.678789284302068,0.9912770463877876
Wheat,2015,16,Food,1.0796207846354957,3.3553711701499447,10.32372419008992,3.4297661648392257,3702.8468379999995,3.0100373302195242,0.9783090184246516
Beef,2015,17,Food,1.268450875816275,12.85699174194054,13.149042567413657,1.6834064516892524,2135.318388,7.810973133801972,7.63748512965416
Corn,2015,17,Food,8.511624839465762,2.283191660427728,8.224009604363244,3.310092252816958,28174.263440000002,2.4845258005617334,0.6897667756796457
Dairy,2015,17,Food,126.26167395143207,5.588112158509538,3.467824178905987,0.8303129941103631,104836.70854,4.176526446658322,6.73012731120378
FiberCrop,2015,17,Food,1.464072913109425,68.7050481566296,0,6.073526257046057,8892.085280000003,0,11.312217194570136
Fruits,2015,17,Food,77.04730658793521,0.26429599958466604,0.5558841157096422,0.4623694066364468,35624.31743,1.2022510739918493,0.571612212640352
Legumes,2015,17,Food,18.913596030979164,2.8273670029834954,20.8528141992861,3.4725345312664913,65678.115328,6.005070363312048,0.8142084628751863
MiscCrop,2015,17,Food,3.654384561162955,9.06563610864171,10.724195945435294,2.423646159226715,8856.935106,4.42481915299754,3.7404949043940383
NutsSeeds,2015,17,Food,5.749892792862431,35.05752655428561,8.690737948615634,3.8009862874538816,21855.26366,2.2864428575555817,9.223270988901449
OilCrop,2015,17,Food,11.803374248030376,46.397129245545216,1.2455401323403992,4.1711561974929,49233.717646000005,0.29860788552800754,11.123325775580522
OilPalm,2015,17,Food,6.708459692194429,27.080317738418753,0,2.3939000880762173,16059.382247999998,0,11.312217194570138
OtherGrain,2015,17,Food,14.99655302009542,2.9434513893903906,9.594147737270298,3.319378472592715,49779.235258,2.890344628214829,0.8867477492228557
OtherMeat_Fish,2015,17,Food,8.877569125786863,2.617799789541265,10.903084721547662,0.7088455227818049,6292.8251279999995,15.381467994266817,3.693046940986421
Pork,2015,17,Food,0.37277332579669614,39.60832981509908,11.098243260037277,4.049231260777559,1509.4454039999998,2.7408272201045194,9.781691206121243
Poultry,2015,17,Food,7.097977599915535,8.834265811649606,11.36468008002499,1.3077940992812465,9282.693222,8.689961276221487,6.755089212059338
Rice,2015,17,Food,120.01409824620018,0.6621947348477545,5.065921717850613,2.710542802235317,325303.3501680001,1.8689694601660132,0.2443033676877041
RootTuber,2015,17,Food,38.80572581907856,0.13053953959973694,1.4080484237827153,0.701142069261934,27208.3269,2.008221279982408,0.1861812966623883
SheepGoat,2015,17,Food,0.810660415113469,9.94148673997478,13.591666150691303,1.5669744745365382,1270.284178,8.673827411714088,6.344383333311897
Soybean,2015,17,Food,2.631402455888349,90.88747377492015,2.706537015560723,8.15973978588969,21471.559312,0.33169403517512025,11.13852600202867
SugarCrop,2015,17,Food,202.45762111766203,0.016806864827404615,0.025125388040846477,0.5294325404609289,107187.65268400002,0.04745720393191563,0.03174505445542203
Vegetables,2015,17,Food,115.32923584325074,0.3422757986033689,1.345327924491229,0.2710103037575023,31255.411238000004,4.964120942408954,1.2629623075498795
Wheat,2015,17,Food,73.24142273276655,1.2415521641274592,10.233315514652466,3.505242616937113,256728.95628800002,2.9194314439764386,0.3541986389553627
Beef,2015,18,Food,1.594373864134345,6.430282420440013,5.7958326404264815,0.8243948220473631,1314.3935580000002,7.03040883497143,7.800003406705749
Corn,2015,18,Food,5.2138533286549045,2.4573992205220745,8.435927670329221,3.405585510895229,17756.223352000005,2.4770858471592634,0.7215790684627666
Dairy,2015,18,Food,3.295680918099829,2.9006721576544794,3.8244406519639043,0.6108720983707251,2013.2395180000003,6.260624216041594,4.748411599401818
FiberCrop,2015,18,Food,0,68.31374542248788,0.18650702357242493,6.049276272535766,0,0.030831295376470544,11.292879072598842
Fruits,2015,18,Food,16.29579131979018,0.46001828037302245,0.6156381237795342,0.4981210109227464,8117.276046000001,1.2359208109673847,0.9235070801788898
Legumes,2015,18,Food,0.2869140242012298,1.7273283660367493,22.142728879683585,3.4117540009597214,978.88007,6.4901305526291955,0.5062874889428881
MiscCrop,2015,18,Food,0.7205082875662683,9.309625514728276,10.58890445682309,2.440691570585521,1758.5385039999996,4.338485281973918,3.8143391925981454
NutsSeeds,2015,18,Food,1.1933203958767202,32.37344786459374,14.970341724348996,3.8132222894396026,4550.395931999999,3.9259032356461607,8.489787745720797
OilCrop,2015,18,Food,5.010432807617524,17.49974399926345,1.32479110447818,1.742165894477022,8729.005153999999,0.7604276427853427,10.044820676802809
OilPalm,2015,18,Food,5.54350434701457,28.577403404638048,0,2.5262424609700034,14004.236064,0,11.312217194570136
OtherGrain,2015,18,Food,0.06256678884968458,2.457063224611204,15.92872051584251,4.34,271.5398636076311,3.670212100424542,0.5661436001408304
OtherMeat_Fish,2015,18,Food,10.384103435685649,3.0463691572736824,10.815259312167141,0.738619376579194,7669.900006000001,14.642533969602056,4.12441001938304
Pork,2015,18,Food,0.36777375389726136,34.092503064730266,10.98448763089232,3.5485982731779657,1305.0813079999998,3.095444112093056,9.607315463803838
Poultry,2015,18,Food,4.050213864134537,8.587498240268927,11.023978362608613,1.2629446783776275,5115.196046,8.728789590981895,6.799583851368996
Rice,2015,18,Food,46.43176190570291,0.634333864712306,4.742465785923227,2.568450455664323,119257.68002400002,1.8464307051220112,0.2469714233005274
RootTuber,2015,18,Food,23.82610090269484,0.18639405455272565,0.7207662896108978,1.0015303119656072,23862.56227,0.7196649776843191,0.1861092493415481
SheepGoat,2015,18,Food,0.13294472682136088,10.28568663923127,12.634757741014235,1.5396843853389373,204.69291999999996,8.206069933113527,6.680386407222698
Soybean,2015,18,Food,0.8481127327753825,61.06317683617395,12.619907250751316,6.194979531561285,5254.04102,2.0371184741543114,9.85688112851352
SugarCrop,2015,18,Food,38.50214229282798,0.01660568778181414,0.005848430767275975,0.5685688650129419,21891.119343999995,0.010286231144828607,0.029206115219545404
Vegetables,2015,18,Food,10.948130673901877,0.281749385802231,1.4468951676432096,0.3382770938995455,3703.501828,4.277248426619386,0.8328952532798425
Wheat,2015,18,Food,6.264815807829119,1.637710288848649,10.407257120943235,3.704037121570383,23205.110312,2.809706484942278,0.4421419751199245
Beef,2015,19,Food,1.0820522525876013,6.435427366868268,15.07260684473282,1.2269945326808638,1327.672198,12.28416789421273,5.24487045008056
Corn,2015,19,Food,1.3254317044361823,6.547887703563274,0.8089302713994665,3.4387155903583952,4557.782666,0.23524198211319852,1.904166695821689
Dairy,2015,19,Food,7.724079930959332,4.471837363202731,4.503112199985314,0.7762950277050377,5996.164844000001,5.800774240816501,5.760486932942017
FiberCrop,2015,19,Food,0,68.31374542248788,0.18650702357242493,6.049276272535766,0,0.030831295376470544,11.292879072598842
Fruits,2015,19,Food,6.15930862072151,0.27287572853918285,0.43619554678690403,0.3724349054831554,2293.941524,1.1711994240202397,0.7326803275465934
Legumes,2015,19,Food,0.1882651435132025,1.7182493572424469,20.479562417238874,3.2853340903045356,618.513894,6.233631604675101,0.5230059744344517
MiscCrop,2015,19,Food,0.8272314080240107,9.227412743868852,8.228683771537131,1.8351652334215245,1518.10632,4.483892579086943,5.028110044709734
NutsSeeds,2015,19,Food,0.32202871382193105,29.601362139354297,12.22592943304981,3.489620974052001,1123.758154,3.5035121361199226,8.482686904813747
OilCrop,2015,19,Food,1.2610300331535291,81.66341937377435,0.9610740557006738,7.284983039639898,9186.582403999997,0.13192536625976556,11.209829718122586
OilPalm,2015,19,Food,0.40786722562033867,27.03016890663902,0,2.3894669313468895,974.585248,0,11.312217194570135
OtherGrain,2015,19,Food,0.94313625322762,0.37081262077374494,3.381638128642893,1.9651807357178175,1853.433196,1.7207771617034955,0.18869135750931273
OtherMeat_Fish,2015,19,Food,6.560752366355066,2.4063938174477197,10.00822549892451,0.6795939665189762,4458.647723999999,14.726772149241928,3.5409287545234944
Pork,2015,19,Food,2.302629628005035,18.267481906437055,11.584423299457935,2.1458841343412067,4941.176385999999,5.398438393792585,8.512799742584997
Poultry,2015,19,Food,4.857987212881502,8.884424672376143,12.543394271277517,1.3565206764081172,6589.9601,9.246740200444805,6.5494207547951975
Rice,2015,19,Food,10.004554619214067,0.8378992696465054,4.943601042778152,2.800219985624986,28014.953792,1.765433097455299,0.2992262300633117
RootTuber,2015,19,Food,3.7854865766648587,0.10616393831908559,1.0374510013999914,0.7279449429266764,2755.62581,1.4251778400011366,0.14584061521501515
SheepGoat,2015,19,Food,0.01870894377504938,18.212490715450976,12.248272502615318,2.453714573733537,45.906408000000006,4.991726679920445,7.422416164623056
Soybean,2015,19,Food,1.907279916782855,29.48973424515303,19.04625760464796,3.9655287729122013,7563.373388000001,4.8029553422356805,7.43652005417083
SugarCrop,2015,19,Food,12.524263047568631,3.6564266650102495e-4,5.450301718990033e-4,0.6225679362039344,7797.204598,8.754549346410092e-4,5.873136813477839e-4
Vegetables,2015,19,Food,12.218647578172051,0.23667286226207612,1.3167385615679192,0.27937023636708197,3413.526462,4.713238527807144,0.8471656298815486
Wheat,2015,19,Food,5.103627748052649,1.6661139835296237,9.669130314072879,3.513158834290247,17929.85491,2.7522610761851034,0.4742495463818742
Beef,2015,20,Food,2.1329619407605884,10.79686983902717,12.814597905343891,1.5097335271025576,3220.2041539999996,8.48798657199946,7.1515069680861165
Corn,2015,20,Food,13.43074380420067,2.4628652628630308,8.453676870806005,3.302676264446839,44357.398775999995,2.5596444198329262,0.7457180376338015
Dairy,2015,20,Food,11.292190514218145,3.7451130998362383,3.865948524408351,0.6523895611506227,7366.907214,5.925828300486534,5.7406085609815145
FiberCrop,2015,20,Food,0.0027989178609980187,61.49519512467102,0,5.436175249020918,15.215408,0,11.312217194570136
Fruits,2015,20,Food,13.591252572413447,0.8327868813585162,0.5784562801254273,0.41823525797763583,5684.3410258625445,1.3830882717122785,1.9911924340990104
Legumes,2015,20,Food,1.308192,1.6767436496915304,20.427870190759464,3.501819552481593,4581.052324000001,5.833501665236601,0.47882068866263894
MiscCrop,2015,20,Food,0.18026920466544255,7.043105798350275,9.62606185290112,1.8005826708028045,324.58960599999995,5.3460815818077725,3.91157035583934
NutsSeeds,2015,20,Food,0.4399191290802632,29.54464383046642,13.554870610987804,3.427954049538186,1508.0225600000003,3.9542159594624424,8.618739750740437
OilCrop,2015,20,Food,0.3913803646662336,75.06996763794153,1.8982173421178516,6.7755146691159105,2651.803402,0.2801583990025568,11.079596355997099
OilPalm,2015,20,Food,1.5090830146555505,26.814774009789204,0,2.3704260224653653,3577.169647999999,0,11.312217194570138
OtherGrain,2015,20,Food,1.2069257483298477,0.4630409616561807,4.828027718979619,3.3229709959787237,4010.5792560000004,1.4529250254733586,0.13934547193355806
OtherMeat_Fish,2015,20,Food,2.5428848463483407,2.5395556754926307,12.530616739659864,0.8022479849724757,2040.024244,15.619380758045502,3.165549459846584
Pork,2015,20,Food,2.0945365176238764,36.63461926200282,10.549126025858408,3.7532885542230976,7861.3999380000005,2.8106354929702433,9.76067220325561
Poultry,2015,20,Food,6.350286832554042,8.324797258449529,11.650769480112704,1.3564948814344273,8614.131584,8.588878321304524,6.136991279794923
Rice,2015,20,Food,0.9467365356840565,0.4661111777208504,5.588548827236115,2.825314882421143,2674.828824,1.9780268960488498,0.16497671839020583
RootTuber,2015,20,Food,2.1279205350368047,0.11470214527798217,1.48903476726049,0.6515519537368532,1386.4507820000001,2.28536613039131,0.17604451129358095
SheepGoat,2015,20,Food,0.11770565789490003,13.774004167194084,13.355268114626718,1.7738361921941777,208.790556,7.529031245047879,7.765093658482686
Soybean,2015,20,Food,0.47787361995615124,100,0.07486654690116597,9.27,4429.888456993523,0.008076218651689964,10.787486515641856
SugarCrop,2015,20,Food,29.739173717263593,0.0035011306032868656,0.0023253848717355572,0.5765355481967183,17145.690822000004,0.004033376396319136,0.00607270551527597
Vegetables,2015,20,Food,7.606921601639181,0.4046214958708765,1.2683170291619843,0.3004451137642218,2285.462426,4.221459997373472,1.3467401443193663
Wheat,2015,20,Food,3.053546680950457,1.2962573874568315,9.399538023878854,3.486514179860587,10646.233801999999,2.695970111974335,0.3717918013770029
Beef,2015,21,Food,1.7378978283286188,11.501336329040981,12.878588347030956,1.5868909848585864,2757.8543963800003,8.11561000088397,7.247716723317265
Corn,2015,21,Food,1.8336225309248468,10.129649558221338,7.778175997145478,3.8225449551702795,7009.104555273333,2.034816094608622,2.6499752591582277
Dairy,2015,21,Food,12.696568467791352,6.308208082957345,5.226766539593167,0.9552087645039614,12127.87347955893,5.471857811425568,6.604009843055814
FiberCrop,2015,21,Food,0.059496937784512774,62.34005909925213,1.9540326279663183,5.617498196470198,334.22394070000007,0.34784748648324465,11.097477367847493
Fruits,2015,21,Food,22.9656001579228,0.3270867525817452,0.6497205914943942,0.5510506279397054,12655.208388035555,1.1790578915109866,0.593569331015324
Legumes,2015,21,Food,1.5427292461991715,2.6399837096654326,22.34049509932841,3.501915636971269,5402.507670877777,6.379506937137475,0.753868448969461
MiscCrop,2015,21,Food,1.0096167768818547,13.477837669323108,9.12432392213175,2.357684950988636,2380.3582811200004,3.870035272654089,5.716555837399528
NutsSeeds,2015,21,Food,1.4022699775600276,27.092828163629523,9.385440397467248,2.935654883954361,4116.580708246666,3.197051686411092,9.228887329949075
OilCrop,2015,21,Food,2.338496892656084,63.65524223852162,1.6243662072778726,5.743839754349163,13431.951417460003,0.28280144933498935,11.082349954196177
OilPalm,2015,21,Food,3.9383710483731775,27.01400028835636,0,2.388042645795124,9404.998018479999,0,11.312193413263675
OtherGrain,2015,21,Food,0.8239698280879333,2.521182500086468,9.71224934354412,3.412933840174951,2812.1545095644447,2.8457186099588316,0.7387141439452073
OtherMeat_Fish,2015,21,Food,3.0483184282823172,7.260761991539325,10.943306538805667,1.2224786836472736,3726.504299544293,8.951736079484213,5.939377175785832
Pork,2015,21,Food,0.04230781267785272,30.68009435647772,11.0194470230808,3.409135385424997,144.23306128,3.232328956541886,8.999376935173554
Poultry,2015,21,Food,7.939533506605206,8.358954112871904,12.358957807005453,1.291795164117316,10256.250989180002,9.56727362843964,6.470804617528956
Rice,2015,21,Food,8.5969880562231,0.5262811633311336,5.231067077292272,2.7436895714896035,23587.466476079997,1.9065812443396144,0.1918151269006009
RootTuber,2015,21,Food,7.437420827391767,0.11387659859425944,1.5373381122762444,0.716212273527749,5326.77207996889,2.1464838974400537,0.1589983902863784
SheepGoat,2015,21,Food,1.3748473732376378,14.141667922816245,12.446194611793924,1.8207243993997664,2503.2181579044445,6.835847652668921,7.767055754005544
Soybean,2015,21,Food,0.8924710521851047,93.88667963015531,1.037285128654189,8.351805503686007,7453.74464552,0.12419890863076145,11.24148300492859
SugarCrop,2015,21,Food,42.23145457994989,0.0043159140178840845,0.00734525054209974,0.5721817076225526,24164.065796939998,0.01283726907771951,0.007542908066419935
Vegetables,2015,21,Food,28.967982267107868,0.20086215110843814,0.9600119737811755,0.2303458222785241,6672.653695066667,4.167698655373793,0.8720025790854778
Wheat,2015,21,Food,26.539254386477115,1.4748249698541076,10.23302754962774,3.419273733888261,90744.97544066001,2.992748854298703,0.43132696725541064
Beef,2015,22,Food,2.2800769707185067,8.754951866569655,9.69671794777731,1.1844092057773796,2700.544154,8.186966042207457,7.391830309882974
Corn,2015,22,Food,2.914874924358247,2.5209978485510582,9.993863613943656,3.703262190015436,10794.546096,2.6986648800856305,0.6807505704964817
Dairy,2015,22,Food,37.28327763550895,5.097397275034869,3.808789629886786,0.7921182124784261,29532.76323597623,4.808360128432877,6.435147172144713
FiberCrop,2015,22,Food,0.13288035065369713,72.46504056190257,0,6.4059095856721875,851.219512,0,11.312217194570135
Fruits,2015,22,Food,7.570971550149335,0.3066194763345864,0.5610001440524914,0.4569437881366444,3459.5084199999997,1.2277224433669949,0.6710223101728543
Legumes,2015,22,Food,0.9507377235643361,2.8346632123345237,21.571668356173628,3.4855487837132757,3313.842716,6.188887229744231,0.8132616664497402
MiscCrop,2015,22,Food,0.2953925542414112,6.272324404756965,10.19975329051867,1.9796089427565604,584.761742,5.152408170229695,3.168466392166776
NutsSeeds,2015,22,Food,0.19597828824151453,22.4792841248828,6.468687621887277,3.158706025828364,619.0378,2.0478916268223717,7.116611657138196
OilCrop,2015,22,Food,0.1027920157827413,72.15614792332035,0.5793831227256061,6.449583899601971,662.96573,0.08983263598778242,11.187721416845726
OilPalm,2015,22,Food,2.022698153661364,27.0825975199714,0,2.394101620765472,4842.544927999999,0,11.312217194570135
OtherGrain,2015,22,Food,0.30299819615445645,3.049938828345026,10.284804587973845,3.8574491559157416,1168.8001360000003,2.66621909253196,0.7906620943189033
OtherMeat_Fish,2015,22,Food,0.8625900638564168,20.629390947277525,11.314738938336127,2.3600673754172363,2035.7706680665997,4.7942440356541915,8.741017804049113
Pork,2015,22,Food,4.649201009379049e-5,36.4291578393233,10.25854524096345,3.7581511241936236,0.17472400000000002,2.7296787441363466,9.6933722555236
Poultry,2015,22,Food,1.7639585834554723,7.656841195767107,10.40373145381985,1.1519773565314522,2032.040346,9.031194402245006,6.646694184008516
Rice,2015,22,Food,3.557432894585066,0.6812810200227732,5.303136577425162,2.787395904809214,9915.973882000002,1.9025415687364085,0.24441487441641493
RootTuber,2015,22,Food,3.269840538636872,0.13342964623288978,1.603075895310951,0.704063383763579,2302.174994,2.276891445116333,0.18951368486121242
SheepGoat,2015,22,Food,0.5696810755571745,9.809860889265467,12.623956616363625,1.5013248406812532,855.27635,8.408544423094524,6.53413613326618
Soybean,2015,22,Food,0.023928010091394995,93.6374238313774,0.26378518851959726,8.29702625674652,198.53132799999997,0.03179273879061271,11.285660781805827
SugarCrop,2015,22,Food,32.896808236532124,0.007443637808557713,0.011252159035407277,0.5430133199415549,17863.405055999996,0.020721699859256416,0.013708020660264613
Vegetables,2015,22,Food,5.275107017410414,0.604312271760207,1.6439440887325403,0.3912592558194582,2063.934446,4.201674629497118,1.5445315676801765
Wheat,2015,22,Food,18.895934393016013,1.2621261516284261,11.025693701533095,3.5202563948668995,66518.533884,3.1320712086796667,0.3585324504967335
Beef,2015,23,Food,2.201704646719504,15.249767677437848,14.715351410046623,2.0021660155771106,4408.178219999999,7.349715905454036,7.616634963730621
Corn,2015,23,Food,0.06467353229601461,6.9717555275969705,7.596137432176667,3.7013575956288283,239.37986999999998,2.0522571072698934,1.8835671365096867
Dairy,2015,23,Food,19.713464015657287,5.749014438471332,4.2562663700401195,0.8660326655143042,17072.503787999998,4.914671858840894,6.638334403999886
FiberCrop,2015,23,Food,0,68.31374542248788,0.18650702357242493,6.049276272535766,0,0.030831295376470544,11.292879072598842
Fruits,2015,23,Food,9.525739658251231,0.2554492385390898,0.5011329190593257,0.4321750245538168,4116.786770697992,1.1595601101121054,0.5910782068047985
Legumes,2015,23,Food,0.32773044467211787,1.8156670006489364,22.447050756125442,3.439413085737952,1127.2003800000002,6.5264189547936375,0.5279002421017339
MiscCrop,2015,23,Food,0.5822166149459675,11.162903506600735,6.978244321077617,1.5730057035301088,915.8300560000001,4.436248581564057,7.096543567228754
NutsSeeds,2015,23,Food,0.22924810952931524,31.65554490691833,14.867115007707996,3.6167045900719867,829.1226899999999,4.110679940108706,8.752593450350961
OilCrop,2015,23,Food,2.1885559618319235,75.36791956191513,0.18956641201406232,6.679987444215397,14619.526345999999,0.02837825873134227,11.282643895862522
OilPalm,2015,23,Food,0,27.202579010060656,5.532577415701371e-4,2.4034171926932197,0,2.3019629852533756e-4,11.318292593046657
OtherGrain,2015,23,Food,2.931600159469505,0.9287979997037111,5.153721260022739,2.6863445032098414,7875.287974,1.918488583227019,0.3457479108111097
OtherMeat_Fish,2015,23,Food,4.373388902517208,4.245652306841401,11.698002287038141,0.934070365572368,4085.0529709643856,12.523684208598123,4.545323846389028
Pork,2015,23,Food,3.5201659258359435,24.4618205795297,10.241611983695881,2.6471065984729596,9318.254450000002,3.8689835874399523,9.240965435106023
Poultry,2015,23,Food,6.557414435177806,8.410863626242207,11.695649195678374,1.2752006896409107,8362.019410000003,9.17161454717516,6.595717595330551
Rice,2015,23,Food,1.071106050243533,0.4882013360268326,4.60264103841622,2.482831954310545,2659.3763279999994,1.8537867737787848,0.1966308413178131
RootTuber,2015,23,Food,15.25220060355527,0.12196224266094847,1.586157401302824,0.6654900116927394,10150.187158000002,2.3834428367576495,0.1832668267262577
SheepGoat,2015,23,Food,0.20728785299214056,16.840118880065443,13.103135191669763,2.0654002432850365,428.13238199999995,6.344114286937972,8.153440929822441
Soybean,2015,23,Food,0.12261482694919282,78.19038790588358,0.8877923345218133,6.995276030976338,857.7245600000001,0.12691312402691607,11.177598647950775
SugarCrop,2015,23,Food,30.2866795480392,0.0030827155998312565,0.0011020586479517562,0.6425278898313522,19460.0363,0.0017151919245731412,0.004797792669576403
Vegetables,2015,23,Food,15.886912210152309,0.19847522167642015,1.053778787205582,0.2568097539535223,4079.9140157704237,4.103344094151097,0.7728492341935751
Wheat,2015,23,Food,16.95161221360866,1.3052093806690765,10.699341595627333,3.4403588505393796,58319.629109999994,3.1099492990243998,0.37938175561669846
Beef,2015,24,Food,1.043774604025592,18.25587361130769,14.353839865167469,2.2603009255154003,2359.2447035085156,6.350411001975087,8.076744740147788
Corn,2015,24,Food,4.7306345242176615,4.113291597869333,9.022086501210893,3.685991980723494,17437.080920000004,2.4476685105104377,1.1159252704239382
Dairy,2015,24,Food,2.317655872527994,4.850004921853657,3.747247568158381,0.7594700709730753,1760.1902700000005,4.934029280913202,6.386038248537642
FiberCrop,2015,24,Food,0.0018205225491741799,68.87033618829633,0,6.088137719045395,11.083592,0,11.312217194570136
Fruits,2015,24,Food,2.3825766991538773,0.2228154399297739,0.3399128485600525,0.2726920758331856,649.7097859240502,1.2465079798211223,0.8170953968830292
Legumes,2015,24,Food,0.10493977454849757,1.6241075539941097,22.0365880166028,3.3707981889795704,353.730802,6.537498473996112,0.4818169059494392
MiscCrop,2015,24,Food,0.08307329234803155,12.562371877927065,7.765954008513508,1.9926307640065786,165.53439799999998,3.8973372030543785,6.304415301040485
NutsSeeds,2015,24,Food,0.07419601945566182,30.78642576906368,14.32026060087578,3.6723844486404946,272.4763080000001,3.899444843302584,8.383225176890377
OilCrop,2015,24,Food,0.371477657628626,78.95211078233524,0.10172673743144763,6.9921345003114475,2597.4217459999995,0.014548738647249485,11.291560649872869
OilPalm,2015,24,Food,0.8833590450839445,27.024186974540427,0,2.388938128549374,2110.290104,0,11.312217194570136
OtherGrain,2015,24,Food,0.5502367014460331,0.8228059394013495,5.582956864651512,3.7240167851670902,2049.090712,1.499176074310045,0.22094581922364553
OtherMeat_Fish,2015,24,Food,0.7521121719516474,2.9859766849726612,14.254402634503382,0.9353926398697195,703.5201899999998,15.238951031824154,3.1922174258165477
Pork,2015,24,Food,0.23101333316092956,31.62373958601359,9.67319765389307,3.7024200477821396,855.3083960000002,2.612668883879776,8.541370016877787
Poultry,2015,24,Food,2.407726316767353,8.28312942032889,12.309949441704763,1.2752789113185117,3070.522596,9.652750729624705,6.495151254218544
Rice,2015,24,Food,1.1189607175756255,0.4858462948707478,5.270265293960719,2.702366478558379,3023.8419340000005,1.9502407744386419,0.17978549494513058
RootTuber,2015,24,Food,1.8650281075065223,0.12439280047301852,1.490452301954219,0.7153666202831391,1334.178854,2.083480357756005,0.17388678328852467
SheepGoat,2015,24,Food,0.19240055103112255,17.92577355730408,11.827319093662686,2.105448387902346,405.08943,5.617482319500703,8.513993342369933
Soybean,2015,24,Food,0.24942965982285376,97.55078205958966,0.007972230619592915,8.624232809874139,2151.1394560000003,9.243988184624693e-4,11.311241731310975
SugarCrop,2015,24,Food,11.206262409233506,0.009790465366965538,0.003487668472408819,0.5334185522083328,5977.62827,0.00653833365556935,0.018354189831668543
Vegetables,2015,24,Food,2.281150238445377,0.43562633771571885,1.2936784172376834,0.3538888506309711,807.2736360000001,3.6556065977526595,1.230969376229324
Wheat,2015,24,Food,2.4688247966279597,1.5547933046980558,11.373167721593042,3.62840591938121,8957.898506000001,3.1344805334053216,0.4285058891545439
Beef,2015,25,Food,0.647527112683545,6.485471133727472,13.862628533051776,1.0676024747983768,691.3015480000001,12.984822403741447,6.074799643895817
Corn,2015,25,Food,1.1483821826052734,6.648540555736535,7.281778191223051,3.6591681163729546,4202.123468000001,1.9900091932482469,1.8169541120528536
Dairy,2015,25,Food,1.7967035344883988,6.735818311464219,6.1932841849127716,1.0403384499002717,1869.1797700000002,5.953143600052914,6.474641317073231
FiberCrop,2015,25,Food,0.00151789744167387,71.11152376735582,0,6.286258701034254,9.541896,0,11.312217194570136
Fruits,2015,25,Food,2.782962410669485,0.6619954034610396,0.5898845920570711,0.5062308447281852,1408.8214120000002,1.1652482226242116,1.3076947214002543
Legumes,2015,25,Food,0.17265424174082558,1.6608785750289425,22.13771056906852,3.3807228604102115,583.696142,6.548218083271802,0.4912791268632455
MiscCrop,2015,25,Food,0.09024094721748299,4.042885889577601,7.6300784093361305,0.9463449424371188,85.39906400000001,8.062682080475241,4.272105981954076
NutsSeeds,2015,25,Food,0.010909263012798518,36.628495430199976,13.076099093354914,4.02083586659697,43.864356,3.2520847722197264,9.109671880538725
OilCrop,2015,25,Food,0.1206310521185204,34.37319733310705,1.0759563071902212,3.1639652253468333,381.672454,0.34006578156126066,10.863961796337085
OilPalm,2015,25,Food,0.423272259095045,25.879371408416098,0,2.2877364325039835,968.3353680000001,0,11.312217194570133
OtherGrain,2015,25,Food,0.23608963310876363,0.8575182516753257,5.80155945581372,3.7285597355918987,880.2743,1.5559786800338706,0.22998645924582378
OtherMeat_Fish,2015,25,Food,0.4209952320402994,2.9438112807497667,12.174570153690183,0.8042630325266692,338.59090199999997,15.137547868441258,3.6602593451317813
Pork,2015,25,Food,0.20944274177870809,27.748306876259804,9.408230021907565,2.905832653026656,608.6055580000002,3.237705382692339,9.54917580933566
Poultry,2015,25,Food,1.146710541260905,7.980201159268761,12.386109002859454,1.2664006719631171,1452.195,9.780560984430833,6.301482094839869
Rice,2015,25,Food,0.9819788182690454,0.5174470590321836,5.719358541439297,2.879865159398159,2827.966586,1.9859813654034213,0.17967753015919707
RootTuber,2015,25,Food,0.9140326483662747,0.16979096997412887,1.3550362161368301,0.7776986820662763,710.841986,1.7423666098245392,0.21832487811733117
SheepGoat,2015,25,Food,0.011441631470458628,11.85092252903158,13.748818234298133,1.6403552280510296,18.76834,8.381610275131468,7.224607405989815
Soybean,2015,25,Food,0.33574075447723456,95.97954492290391,0.14477978414106435,8.493373068277165,2851.5714820000003,0.017046205668489745,11.300521494974534
SugarCrop,2015,25,Food,6.9612000827085385,0.003554923342905146,0.009806895892281849,0.5867513272813101,4084.4933880000003,0.016713887870900484,0.006058654113961272
Vegetables,2015,25,Food,1.5804781652292479,0.19207021063668187,1.0186382828556706,0.2509996118437099,396.699406,4.058326127970058,0.7652211460640759
Wheat,2015,25,Food,1.238256476800836,1.2988888089383064,10.5947770046753,3.26660046749797,4044.889186,3.243364810019236,0.3976270810777117
Beef,2015,26,Food,1.3826231671589295,12.823454936963302,12.611107165830656,1.77009349773081,2447.372278,7.124542958887537,7.244507114117115
Corn,2015,26,Food,2.135156327697994,2.989791829792439,8.887425859356519,3.496099294072787,7464.718530000001,2.542097667084019,0.8551793236711752
Dairy,2015,26,Food,5.900327715203637,4.729353896511506,4.157691008011578,0.8104520405281236,4781.932636571429,5.1300888887913185,5.835451895993335
FiberCrop,2015,26,Food,0.03386036939791985,60.29467593833816,0,5.329894836028782,180.472208,0,11.312545142684794
Fruits,2015,26,Food,10.297380140336006,0.46817410773193346,0.6114304484340274,0.5317186263484023,5475.308823206779,1.1499135409888668,0.8804922087216256
Legumes,2015,26,Food,0.4769765158919793,2.3347228448227333,23.526392377251124,3.423696449595917,1633.0228040000002,6.871635007253004,0.6819304454103371
MiscCrop,2015,26,Food,0.32172499367759977,7.167571965901306,9.20606609181786,1.2900681021255014,415.0471520000001,7.13610861058424,5.555964025536402
NutsSeeds,2015,26,Food,0.20710850926155783,20.993069575419387,9.810787491058703,2.9154133751088467,603.8069180000002,3.3651445708594987,7.200718002686536
OilCrop,2015,26,Food,0.3682318358096035,47.41952465887716,1.6494346145055423,4.318781803597996,1590.3129520000002,0.3819212661152252,10.97983802269699
OilPalm,2015,26,Food,1.115595497753354,23.48069712790417,0,2.0756936261067285,2315.6344639999998,0,11.312217194570136
OtherGrain,2015,26,Food,0.8351155249933881,1.338015708411968,6.714154588518137,3.3598779929545857,2805.886274,1.9983328569064769,0.3982334213378246
OtherMeat_Fish,2015,26,Food,1.670990561260569,7.678249062042076,11.371593542470162,1.2123531676155879,2025.8307000000002,9.37976972901007,6.333343506779775
Pork,2015,26,Food,1.0509954485300974,28.449199058057662,10.134498217391153,2.8313051880117492,2975.688866,3.5794439470186488,10.048086366145423
Poultry,2015,26,Food,3.5710189285956737,8.199359427334233,11.283133761018634,1.2576007788808001,4490.9161859999995,8.97195195049103,6.51984283488695
Rice,2015,26,Food,3.57010556157094,0.46089964106226433,5.50685217974985,2.7837539631816637,9938.295506000002,1.9782108090672814,0.16556766408173648
RootTuber,2015,26,Food,7.9010200333378195,0.14113809510494174,1.2997435629785499,0.76734718256862,6062.825462,1.693814211486103,0.18392990592927663
SheepGoat,2015,26,Food,0.10339710716246833,11.075119558295794,10.022386864283906,1.3794080696657198,142.62680400000002,7.265715696960284,8.0288928286317
Soybean,2015,26,Food,0.3681470667044944,87.85610638119637,3.022888384150528,7.94975279906059,2926.678174,0.38024935624510714,11.051426201778021
SugarCrop,2015,26,Food,15.794434863279383,0.005441829798601509,0.005365967504885668,0.5281811334316961,8342.322508000001,0.010159332026916462,0.010302961340638725
Vegetables,2015,26,Food,4.712118665859062,0.2586343273668158,1.3441870769393125,0.32714654093265727,1541.5533220000002,4.1088225267709975,0.7905763778809306
Wheat,2015,26,Food,4.586138200336139,1.6307059772699546,9.008567018223903,3.1933445596834806,14645.119471999997,2.8210444722935937,0.5106576965911839
Beef,2015,27,Food,0.6773614196826676,12.209482662811608,12.089728740901464,1.5841890337467979,1073.0685329444445,7.631493769596296,7.707086971770478
Corn,2015,27,Food,1.544468333564334,2.3105821940014906,7.179513260641762,2.9036779522016913,4484.638648044444,2.472558382446632,0.7957432718216941
Dairy,2015,27,Food,8.281500625132157,4.452787511820056,3.520379977116879,0.7227715857963221,5985.633339600002,4.87066736753114,6.160711903075362
FiberCrop,2015,27,Food,0.012085932543257247,66.4822509247144,0,5.877057955252906,71.02972599999998,0,11.31216527570443
Fruits,2015,27,Food,8.080129286881709,0.3578919699330008,0.5454315645155756,0.48596095408179196,3926.627337357265,1.1223773431471495,0.7364623987316563
Legumes,2015,27,Food,1.5429926656839699,2.1753649725999984,22.856631150029465,3.4458251128201383,5316.882876311111,6.633137318835981,0.6313045210874421
MiscCrop,2015,27,Food,0.7034456770931375,8.281952661563128,10.126353091796219,2.5826683238501644,1816.7668677777774,3.920887943017071,3.206742648710169
NutsSeeds,2015,27,Food,0.3230537902960887,16.471160101726838,6.057646056694279,2.8906598797876057,933.8386306222221,2.0955928087739504,5.698062306429864
OilCrop,2015,27,Food,2.0040076916607523,31.252793053369853,1.4323065974033538,2.8492252195628653,5709.8692552777775,0.5027003788851419,10.96887421843217
OilPalm,2015,27,Food,2.7907824056490194,27.00709301212651,0,2.3874161118808255,6662.7588799999985,0,11.312268890926646
OtherGrain,2015,27,Food,0.4274396638198816,2.4098629974153165,9.004383982883187,3.3054036062238183,1412.860606233333,2.7241405454779053,0.7290676977775821
OtherMeat_Fish,2015,27,Food,4.821199459772409,3.5925428342302945,11.089499789250077,0.801470744253091,3864.0503192163924,13.83643741055656,4.482437893074024
Pork,2015,27,Food,0.028427971059644275,28.92228229663546,9.347961536964423,3.0095755510360807,85.55612666666667,3.1060730586232603,9.610086806652397
Poultry,2015,27,Food,1.1812894546197348,10.140188859573623,11.39347150562657,1.4213047453174101,1678.9723074444444,8.016205914434027,7.134422714749387
Rice,2015,27,Food,43.45489239064619,0.5387012548592134,5.101681148852243,2.7030551723931113,117460.97164232224,1.887375885241566,0.19929347368159042
RootTuber,2015,27,Food,11.427485673011486,0.1275609302686276,1.626478285542348,0.7110409217120113,8125.409945788891,2.28746087022135,0.17940026568582343
SheepGoat,2015,27,Food,0.47226183780410613,10.512550061933624,14.371951227749557,1.654295132146257,781.2604593777779,8.687658537146035,6.354700474935693
Soybean,2015,27,Food,0.56925338769510625,83.77689138005955,5.999790871980474,7.684046338348589,4374.169409311111,0.7808113860580796,10.90270512320523
SugarCrop,2015,27,Food,17.15864243801133,0.026604498581127702,0.03425706018984775,0.5517495385781375,9467.2730478,0.06208806314207065,0.04821843376559532
Vegetables,2015,27,Food,11.86890715409331,0.5203221726733599,1.5870151487159054,0.3376599922377921,4007.655097522222,4.700039048743072,1.5409648304052872
Wheat,2015,27,Food,9.376470690681083,1.2941985655919541,9.740021011318731,3.447768044707497,32327.896019466672,2.825022125914233,0.3753728640703124
Beef,2015,28,Food,0.7039011511702944,13.268548138994337,14.122926188185325,1.8020704638585219,1268.479474,7.8370554711528175,7.362946347050296
Corn,2015,28,Food,0.5736837332409177,5.777626332243884,1.217891807040503,3.168290984532243,1817.597,0.3844002375369915,1.8235781878781172
Dairy,2015,28,Food,1.0703021057615658,9.980368819274537,5.506474887266621,1.2734775486872123,1363.0057020000004,4.323966993327108,7.83709836860727
FiberCrop,2015,28,Food,0.040427545648395714,70.39160934353997,0,6.222618265968933,251.565184,0,11.312217194570136
Fruits,2015,28,Food,3.116264240927648,0.24318355957945215,0.5199709509517695,0.44391191665704377,1383.346832,1.171338122363332,0.5478193994222738
Legumes,2015,28,Food,0.06446218318562773,1.7665066837362389,21.519333733099998,3.3939168856567417,218.77929200000005,6.340560024921143,0.5204920283115331
MiscCrop,2015,28,Food,0.12495635006295247,9.023190247368001,7.894734092627361,1.792770418527275,224.018048,4.403650356476055,5.03309857978378
NutsSeeds,2015,28,Food,0.25229854168435356,30.422600946821998,10.379975459570085,3.6226827705706164,913.9975800000001,2.86527309095163,8.397809820380731
OilCrop,2015,28,Food,0.51770592274798,58.81534022313908,3.680293977074646,5.4483007708858695,2820.617578,0.6754939075208666,10.795171319731669
OilPalm,2015,28,Food,0.6977973559305879,27.017299277177724,0,2.3883292561025113,1666.5698400000003,0,11.312217194570133
OtherGrain,2015,28,Food,0.3527687281827717,0.3606939649606369,4.804375969722282,3.1494168820553043,1111.015788,1.5254811127407668,0.11452722153608594
OtherMeat_Fish,2015,28,Food,4.474558755638966,3.445026657899302,7.591812741486032,0.7628494764312387,3413.414804,9.951914468109802,4.515997931880115
Pork,2015,28,Food,1.560262998121146,16.11687364773256,11.769777353513957,1.9566423440639464,3052.87665,6.015293182845122,8.237005447943957
Poultry,2015,28,Food,1.5214884272906763,9.66389923715527,11.905007989336024,1.3950866506291744,2122.6081939999995,8.533525845127217,6.927096057292871
Rice,2015,28,Food,4.752085709717417,1.0711676356397575,5.196668221522457,2.9542167034766744,14038.690980000001,1.7590680519160122,0.36258939108263527
RootTuber,2015,28,Food,1.0317940784457862,0.12197402055337721,1.280623403949624,0.7045936056301942,726.99551,1.817534808315815,0.17311258515365416
SheepGoat,2015,28,Food,0.012225697576119184,13.338047344949839,12.340046414447608,1.7657865218397368,21.587971999999997,6.988413526676354,7.553601287574219
Soybean,2015,28,Food,0.992999719595009,49.88518470928471,9.952047175004438,4.976604762804445,4941.767134000001,1.9997664370268782,10.023939429976576
SugarCrop,2015,28,Food,8.52064838974772,0.011510710736589816,0.004107303308641631,0.5768636389120537,4915.252236,0.007120059285393465,0.0199539543839141
Vegetables,2015,28,Food,10.198150460690002,0.20634369174053208,1.3906877254758017,0.2832508638830728,2888.6349279999995,4.90973869032888,0.7284838920234031
Wheat,2015,28,Food,2.3214282882385597,1.374658240589949,9.443985457378572,3.2646908286581438,7578.745642,2.8927656409229563,0.4210684296726996
Beef,2015,29,Food,2.2248303095091067,10.51636403780159,11.75061435677839,1.4344665748482048,3191.4447136999997,8.19162646436836,7.331201871270114
Corn,2015,29,Food,5.274913857320353,3.7060081439376535,7.609368698576125,3.2889467291576655,17348.91067762222,2.3136187129807864,1.1268069838537038
Dairy,2015,29,Food,7.544129098024603,3.7429836171799056,4.14849752463242,0.7662293910523889,5780.533444799999,5.414171752057966,4.884938715335691
FiberCrop,2015,29,Food,0.07677330657826302,63.594732276008635,0.004855790499238739,5.622132733855809,431.62972,8.636918993387957e-4,11.311496061458811
Fruits,2015,29,Food,31.0508162818763,0.3047326137594477,0.5788294586185657,0.49701720905144925,15432.790047187458,1.164606472526885,0.6131228621661328
Legumes,2015,29,Food,1.8168356743610037,2.137081627535855,21.262210553967183,3.430095169732131,6231.919270822698,6.198723213743258,0.6230385810848356
MiscCrop,2015,29,Food,1.078154181221689,4.1689240521674815,8.349895522339839,1.5842367067868965,1708.0514294671716,5.270611068768162,2.631503255989298
NutsSeeds,2015,29,Food,1.636229213738135,35.51039046325638,10.231509964651456,3.9255468778615263,6423.094481455555,2.6063909776120555,9.04597284610723
OilCrop,2015,29,Food,5.1711849372777134,25.64349380028141,1.8921678376148245,2.418339837541089,12505.682541111111,0.7824242929971068,10.60375940643442
OilPalm,2015,29,Food,3.525225592893316,25.905099711436563,0.010950331808094028,2.2919558312206196,8079.661354000003,0.004777723749703433,11.302617336059381
OtherGrain,2015,29,Food,1.4297819686277617,0.695207488660218,4.787809573428909,2.963538579444321,4237.214024222222,1.6155718729758017,0.2345869540833084
OtherMeat_Fish,2015,29,Food,16.184762396572744,5.606206368969806,11.296777873735104,0.994668924620723,16098.480208240926,11.357324627430858,5.6362536620991825
Pork,2015,29,Food,7.881104678091786,33.53202011197611,10.790991108342592,3.4889611517410213,27496.868054666666,3.092895173956808,9.610889503668835
Poultry,2015,29,Food,9.348744868661285,9.494247821829866,11.70981217604604,1.3693310401629737,12801.526535222221,8.551483777547592,6.933493467510887
Rice,2015,29,Food,65.24487177067724,0.5351619357360078,4.88506730110105,2.6088897799366952,170216.67915580003,1.8724697910463608,0.205130143807376
RootTuber,2015,29,Food,12.324656966877523,0.1763585985242087,1.029378610392645,0.8929700690727936,11005.549783011109,1.1527582458183507,0.1974966514917223
SheepGoat,2015,29,Food,0.2553284713604638,10.713830820972431,13.723129327151327,1.6847119775523716,430.1549339111111,8.14568276951941,6.3594436103778325
Soybean,2015,29,Food,1.805643598975767,48.33103460834246,14.036283868038947,5.186630120867881,9365.205477999998,2.7062434646275197,9.31838852627787
SugarCrop,2015,29,Food,64.01496315288479,0.027364618170705218,0.03341109382464329,0.5183721166422002,33183.57194633334,0.06445387927318798,0.0527895256943253
Vegetables,2015,29,Food,36.834610578877005,0.5004819657761626,1.5905677926208284,0.30520162990559435,11241.98318561111,5.211531121615655,1.6398404095383525
Wheat,2015,29,Food,6.436975889692545,1.497557877969004,9.72691924684623,3.4934700967279975,22487.382784,2.7843144430967115,0.4286734497517596
Beef,2015,30,Food,0.1274019349511443,6.964682598779334,15.4617896599545,1.2856985418848912,163.80048199999996,12.02598366276968,5.417041687368487
Corn,2015,30,Food,0.17144172492343995,5.565348677084679,7.654246897866429,3.600596740820602,617.2925160000001,2.1258273138696366,1.5456739750912223
Dairy,2015,30,Food,0.8611238022931056,5.5408395229728,4.0561256152563026,0.8560741580211018,737.185834,4.738054031011086,6.472382644724362
FiberCrop,2015,30,Food,0,68.31374542248788,0.18650702357242493,6.049276272535766,0,0.030831295376470544,11.292879072598842
Fruits,2015,30,Food,2.5014231943582446,0.24402816862294474,0.4567082509042421,0.40959954969269513,1024.5818140000001,1.1150116040090634,0.5957725510343664
Legumes,2015,30,Food,0.06367434383406494,1.7654375469692167,22.265910659461323,3.4263189671580516,218.16861200000005,6.498493243881992,0.5152577923688035
MiscCrop,2015,30,Food,0.08255847271783934,15.164605452809077,9.720671692449901,2.849348059089876,235.23782400000002,3.411542391754985,5.322131637948393
NutsSeeds,2015,30,Food,0.20921944053821423,17.420662229121504,7.967882915559533,3.0115790596663734,630.0808859999999,2.6457492092013104,5.784560818088364
OilCrop,2015,30,Food,0.09842264460559128,50.214950468090144,1.9371458316169117,4.613845236731251,454.10685000000007,0.4198549652673899,10.883535942715255
OilPalm,2015,30,Food,0.35409443253415607,27.01832935223335,0,2.3884203147374277,845.726336,0,11.312217194570138
OtherGrain,2015,30,Food,0.1712696699886365,1.0919170336429194,6.004290270757149,3.101409724414387,531.1774200000001,1.9359874393541758,0.3520711968648698
OtherMeat_Fish,2015,30,Food,0.8159100312603578,1.6538434816455303,9.526030885493094,0.6159793197096077,502.5837059999999,15.464855037639849,2.6849009840544724
Pork,2015,30,Food,0.8654917706330456,28.59142208112572,11.370676275023056,3.052991004255671,2642.3385900000007,3.724438185102109,9.36505284203954
Poultry,2015,30,Food,1.096035165342298,9.772450036645186,11.663788534677902,1.3943795950403715,1528.28907,8.364858877858293,7.008457432541706
Rice,2015,30,Food,1.459059973455173,0.5056295662113403,4.784803152034728,2.580557419503276,3765.1880399999995,1.854174263231756,0.195938118791663
RootTuber,2015,30,Food,0.32838903224019855,0.12187629416610694,1.1422520380377577,0.6993854954084112,229.670526,1.6332223724066959,0.17426196992394932
SheepGoat,2015,30,Food,0.022294000191970337,15.239262380280922,13.61541228654428,1.9453636685452536,43.369938000000005,6.998903344753997,7.833631637459781
Soybean,2015,30,Food,0.8183191301807454,52.09655782446484,7.04986634582647,4.940044169695886,4042.532648,1.427085690665083,10.545767615610602
SugarCrop,2015,30,Food,3.9081411485271955,0.008356538490265944,0.0046105439708531756,0.5677254156585795,2218.7510580000003,0.008121080796611507,0.01471933131718631
Vegetables,2015,30,Food,2.6979320702381,0.27381505481068275,1.5224637914269912,0.3496936503359545,943.449714,4.353707280542108,0.7830140883245252
Wheat,2015,30,Food,0.938190369440657,1.543558450629212,10.9164353550319,3.597042195191132,3374.7103460000008,3.034836613711685,0.4291188056378064
Beef,2015,1,Food,10.412724375064245,9.820147174198176,13.921746664091971,1.471383304359493,15321.108798366666,9.461672307170998,6.6740917510090805
Corn,2015,1,Food,4.058536592648704,17.31038645996742,4.828414784937338,4.053479961082662,16451.196749622228,1.191177662476391,4.270500070597096
Dairy,2015,1,Food,56.294056799010015,5.8416046248345745,4.744680108941654,0.8846920066350641,49802.90207114445,5.363086897312543,6.602981129052113
FiberCrop,2015,1,Food,0.21152637695696014,66.19845809040248,0,5.851943695191578,1237.840448,0,11.312217194570138
Fruits,2015,1,Food,39.87483912314209,0.4044871860605535,0.4074320041014895,0.35644491961615654,14213.183825955555,1.1430433755101328,1.1347817399000442
Legumes,2015,1,Food,1.206764449501795,1.5561805863120168,22.798529348014405,3.414685215450006,4120.720724244445,6.676612311102852,0.4557317843738445
MiscCrop,2015,1,Food,2.246867694635292,7.4812016871245,8.227920792834965,1.3986510297538108,3142.583814822222,5.882754609835189,5.348869394849217
NutsSeeds,2015,1,Food,2.982879328785053,32.26848020755801,13.768504356193075,3.6455842920166637,10874.338025999998,3.7767620368411827,8.85138776744831
OilCrop,2015,1,Food,2.3679982825765578,49.361260158529966,2.167564645035372,4.52897398038639,10724.602607388888,0.4785994917220623,10.898993982367436
OilPalm,2015,1,Food,0.057172463651478655,27.33308834697355,0,2.416245009872462,138.14268,0,11.312217194570135
OtherGrain,2015,1,Food,4.976184311358104,1.0692829654443323,5.838957246519176,3.1890199685286538,15869.151136,1.8309566274723414,0.3353014330410972
OtherMeat_Fish,2015,1,Food,7.813543709453401,3.2505601659339356,9.005559661735536,0.7658998420105771,5984.391892613098,11.758142733252017,4.244106066663799
Pork,2015,1,Food,7.693741782767977,18.799938614314733,11.002511140285282,2.169085960219421,16688.387282555555,5.072418217658966,8.667216956405436
Poultry,2015,1,Food,22.54432806283375,8.139716730750335,12.292083795013903,1.2655993105765222,28532.086053733336,9.712460881014904,6.431511666233782
Rice,2015,1,Food,3.121588161646576,0.5325294401308033,5.22063074614074,2.8188314967523596,8799.231029938666,1.8520549213940416,0.18891850780876496
RootTuber,2015,1,Food,17.940424950829815,0.128637038426169,1.5624439118419065,0.7172256952063105,12867.333757655553,2.1784550139304035,0.17935363900921936
SheepGoat,2015,1,Food,0.15284882797614857,20.761016330925735,13.31192990765406,2.4436839903342404,373.5142338666666,5.447484192026519,8.495786039866022
Soybean,2015,1,Food,4.443190504708919,97.62707893540214,0.04534620343694756,8.634486320435936,38364.667632,0.0052517546214212,11.306645851570838
SugarCrop,2015,1,Food,61.552335076335204,0.0017402438176866515,7.097691810446961e-4,0.6182211573204272,38052.95582666667,0.0011480829677862662,0.002814921160623874
Vegetables,2015,1,Food,37.33537229864485,0.2654304896173203,1.0602442658371043,0.2379484802465049,8883.8950979,4.455772378704561,1.1154956288955709
Wheat,2015,1,Food,20.21464235058307,1.7203963739846746,11.29180297338482,3.511764559710471,70989.064594,3.2154214160404244,0.48989513526115014
